"us"	"gb"	10190
"us"	"ca"	7261
"us"	"de"	5944
"us"	"fr"	4550
"us"	"au"	4069
"gb"	"de"	3623
"us"	"in"	3504
"us"	"nl"	2846
"gb"	"ca"	2815
"us"	"br"	2703
"gb"	"fr"	2612
"gb"	"au"	2532
"us"	"cn"	2411
"fr"	"ca"	2381
"de"	"ca"	2312
"us"	"es"	2272
"fr"	"de"	2258
"us"	"se"	2210
"us"	"jp"	2107
"de"	"au"	1846
"gb"	"es"	1845
"nl"	"gb"	1828
"us"	"ch"	1811
"nl"	"de"	1767
"us"	"pl"	1688
"us"	"ru"	1618
"us"	"ua"	1608
"us"	"it"	1600
"us"	"dk"	1576
"us"	"no"	1567
"ca"	"au"	1544
"us"	"ar"	1536
"gb"	"br"	1523
"fr"	"au"	1512
"us"	"nz"	1512
"us"	"cz"	1506
"us"	"be"	1501
"fr"	"br"	1489
"in"	"gb"	1482
"nl"	"ca"	1477
"de"	"ch"	1472
"se"	"gb"	1458
"se"	"be"	1453
"fr"	"ch"	1435
"ca"	"br"	1402
"es"	"de"	1392
"us"	"at"	1389
"nl"	"fr"	1385
"gb"	"ch"	1357
"us"	"fi"	1352
"se"	"jp"	1323
"fr"	"es"	1321
"jp"	"gb"	1317
"de"	"br"	1304
"se"	"de"	1304
"us"	"ie"	1278
"es"	"ca"	1278
"fr"	"cn"	1255
"gb"	"be"	1241
"gb"	"cn"	1240
"se"	"fr"	1224
"cn"	"ca"	1220
"gb"	"dk"	1213
"pl"	"de"	1210
"pl"	"gb"	1201
"de"	"cn"	1184
"jp"	"be"	1180
"it"	"gb"	1179
"in"	"de"	1178
"fr"	"be"	1165
"nl"	"es"	1153
"de"	"at"	1143
"us"	"mx"	1142
"gb"	"fi"	1133
"no"	"gb"	1125
"nl"	"au"	1121
"in"	"fr"	1109
"in"	"ca"	1104
"ua"	"gb"	1099
"gb"	"cz"	1090
"se"	"au"	1089
"br"	"au"	1088
"ua"	"de"	1082
"jp"	"de"	1077
"se"	"ca"	1071
"de"	"cz"	1067
"ie"	"gb"	1065
"es"	"br"	1063
"pl"	"ca"	1060
"es"	"ch"	1060
"pl"	"fr"	1058
"nl"	"cz"	1042
"nl"	"cn"	1041
"de"	"be"	1036
"ch"	"ca"	1028
"jp"	"fr"	1023
"dk"	"de"	1017
"nl"	"br"	1016
"nl"	"ch"	1016
"no"	"de"	1012
"it"	"de"	1006
"gb"	"at"	998
"nl"	"be"	993
"cn"	"au"	992
"nz"	"gb"	990
"jp"	"ca"	990
"es"	"au"	989
"fi"	"de"	986
"us"	"ro"	986
"cn"	"br"	976
"se"	"nl"	972
"be"	"au"	967
"no"	"fr"	966
"ca"	"be"	950
"jp"	"au"	937
"cz"	"ca"	936
"ie"	"de"	934
"se"	"ru"	931
"dk"	"au"	925
"no"	"ca"	923
"nz"	"au"	921
"fr"	"dk"	917
"nz"	"ca"	913
"se"	"br"	912
"nz"	"de"	911
"se"	"es"	904
"gb"	"ar"	903
"no"	"au"	899
"ua"	"fr"	899
"es"	"cn"	899
"ch"	"br"	898
"ua"	"ca"	896
"fr"	"cz"	894
"in"	"au"	894
"us"	"hu"	894
"cn"	"ch"	892
"ch"	"au"	892
"fr"	"fi"	888
"dk"	"ca"	887
"it"	"fr"	885
"us"	"il"	885
"se"	"dk"	885
"ie"	"ca"	877
"es"	"be"	873
"ua"	"nl"	872
"es"	"cz"	863
"in"	"br"	861
"pl"	"au"	859
"ch"	"be"	858
"fi"	"es"	856
"es"	"dk"	855
"fi"	"au"	854
"se"	"no"	853
"fr"	"at"	842
"cn"	"be"	840
"pl"	"nl"	838
"no"	"nl"	834
"ru"	"jp"	834
"br"	"be"	829
"us"	"tw"	825
"se"	"cn"	825
"pl"	"cn"	825
"se"	"pl"	823
"ua"	"ch"	820
"se"	"ch"	819
"se"	"fi"	817
"nl"	"dk"	813
"fi"	"ca"	811
"cz"	"ch"	810
"dk"	"br"	810
"pl"	"br"	805
"ca"	"at"	805
"pl"	"es"	802
"nl"	"jp"	795
"ua"	"pl"	792
"jp"	"es"	791
"no"	"cn"	791
"ua"	"es"	790
"cz"	"br"	785
"hu"	"gb"	784
"ua"	"cz"	779
"fi"	"ch"	778
"pl"	"ch"	777
"ie"	"fr"	775
"it"	"es"	770
"fi"	"br"	770
"no"	"br"	769
"it"	"ca"	768
"ie"	"es"	766
"fr"	"ar"	764
"ua"	"br"	763
"no"	"ch"	760
"ru"	"be"	760
"ua"	"au"	759
"fi"	"cz"	758
"us"	"ph"	754
"cz"	"au"	753
"ru"	"de"	751
"nl"	"fi"	751
"us"	"co"	750
"ua"	"fi"	750
"fi"	"dk"	749
"ro"	"gb"	749
"dk"	"ch"	748
"no"	"fi"	746
"jp"	"ch"	742
"ru"	"nl"	741
"nz"	"fr"	740
"ua"	"se"	738
"br"	"ar"	737
"es"	"at"	737
"nl"	"in"	737
"cz"	"cn"	736
"se"	"nz"	734
"no"	"be"	733
"nz"	"nl"	732
"ru"	"gb"	732
"no"	"es"	730
"ua"	"ru"	730
"se"	"cz"	728
"pl"	"cz"	721
"jp"	"br"	715
"za"	"us"	713
"fi"	"cn"	710
"jp"	"fi"	709
"pl"	"no"	708
"au"	"ar"	706
"no"	"cz"	704
"in"	"ch"	700
"ua"	"no"	698
"cz"	"be"	697
"dk"	"be"	696
"ua"	"be"	695
"us"	"pt"	691
"no"	"dk"	690
"ua"	"cn"	687
"in"	"es"	687
"ro"	"de"	687
"pl"	"be"	679
"jp"	"dk"	678
"ie"	"au"	676
"dk"	"cn"	674
"jp"	"cn"	674
"it"	"au"	674
"fi"	"be"	674
"dk"	"cz"	673
"es"	"ar"	672
"nz"	"ch"	669
"ua"	"dk"	669
"pl"	"fi"	668
"jp"	"cz"	667
"it"	"at"	663
"in"	"cn"	658
"nl"	"it"	658
"nl"	"ie"	655
"mx"	"br"	653
"nz"	"no"	652
"au"	"at"	650
"pl"	"dk"	649
"nz"	"cn"	649
"nz"	"es"	647
"pl"	"nz"	646
"tw"	"gb"	644
"de"	"ar"	644
"ie"	"cz"	643
"ch"	"at"	643
"it"	"ch"	641
"ie"	"ch"	640
"us"	"gr"	639
"za"	"gb"	637
"nz"	"br"	635
"it"	"fi"	633
"at"	"ar"	633
"in"	"cz"	630
"ro"	"ca"	626
"nz"	"be"	624
"ca"	"ar"	623
"nl"	"at"	621
"il"	"gb"	618
"ua"	"in"	617
"fi"	"at"	617
"ua"	"jp"	617
"nz"	"dk"	614
"mx"	"gb"	613
"mx"	"es"	611
"za"	"fr"	611
"pl"	"ie"	610
"ie"	"br"	608
"it"	"br"	606
"nz"	"cz"	605
"no"	"jp"	603
"us"	"cl"	603
"br"	"at"	601
"se"	"in"	600
"mx"	"fr"	600
"in"	"at"	598
"us"	"th"	596
"ru"	"ca"	595
"za"	"br"	594
"ua"	"nz"	592
"se"	"ie"	591
"tw"	"ca"	591
"tw"	"de"	587
"ro"	"fr"	582
"it"	"cz"	581
"jp"	"in"	579
"ua"	"ie"	579
"in"	"fi"	579
"se"	"it"	578
"ie"	"cn"	576
"se"	"at"	575
"pl"	"in"	574
"mx"	"ca"	574
"nz"	"fi"	573
"ie"	"fi"	571
"ru"	"fr"	570
"hu"	"fr"	569
"hu"	"de"	567
"in"	"be"	567
"il"	"ca"	562
"tw"	"fr"	559
"jp"	"ie"	557
"us"	"si"	557
"nz"	"ie"	555
"pl"	"jp"	555
"no"	"in"	554
"no"	"it"	550
"no"	"ie"	548
"dk"	"at"	547
"il"	"fr"	545
"hu"	"au"	545
"ru"	"cz"	543
"hu"	"br"	542
"gr"	"gb"	542
"ie"	"dk"	541
"tw"	"cn"	540
"hu"	"es"	539
"it"	"in"	535
"ua"	"at"	535
"ru"	"au"	534
"ua"	"it"	533
"it"	"cn"	533
"nl"	"mx"	532
"ie"	"be"	529
"hu"	"ca"	528
"ro"	"au"	528
"il"	"de"	522
"mx"	"cn"	520
"hu"	"dk"	519
"it"	"hu"	518
"ro"	"nl"	517
"cn"	"ar"	517
"tw"	"br"	517
"in"	"ie"	515
"cz"	"at"	514
"ve"	"mx"	514
"mx"	"ch"	512
"it"	"ar"	511
"tw"	"nl"	511
"ve"	"es"	511
"in"	"dk"	507
"dk"	"ar"	506
"se"	"hu"	506
"gr"	"de"	506
"vn"	"us"	504
"ve"	"fr"	503
"mx"	"be"	503
"be"	"at"	502
"za"	"de"	502
"ve"	"br"	502
"se"	"ar"	500
"si"	"gb"	497
"tw"	"es"	497
"hu"	"fi"	494
"nz"	"in"	493
"nl"	"ar"	493
"no"	"at"	492
"in"	"ar"	491
"mx"	"in"	489
"ro"	"br"	489
"ve"	"nl"	488
"it"	"dk"	484
"it"	"be"	484
"jp"	"it"	483
"ve"	"cn"	481
"nz"	"jp"	477
"ve"	"be"	477
"ve"	"ch"	477
"hu"	"ar"	477
"de"	"cl"	475
"fi"	"ar"	474
"ru"	"br"	474
"nl"	"hu"	474
"hu"	"at"	474
"pl"	"ar"	473
"mx"	"au"	469
"it"	"ie"	468
"ro"	"cn"	468
"mx"	"de"	467
"jp"	"at"	466
"si"	"de"	465
"tw"	"au"	464
"tw"	"se"	464
"hu"	"ch"	464
"za"	"nl"	463
"pl"	"at"	461
"cn"	"at"	461
"us"	"sg"	460
"no"	"hu"	458
"tw"	"pl"	457
"us"	"rs"	455
"il"	"au"	452
"cz"	"ar"	452
"pt"	"gb"	451
"si"	"fr"	449
"ve"	"us"	449
"mx"	"ar"	449
"pl"	"it"	447
"gr"	"fr"	447
"ro"	"hu"	447
"ro"	"ch"	446
"se"	"ro"	443
"tw"	"ch"	441
"ru"	"es"	441
"be"	"ar"	441
"vn"	"fr"	441
"nl"	"gr"	439
"hu"	"cn"	438
"tw"	"nz"	437
"tw"	"no"	436
"hu"	"be"	434
"mx"	"fi"	434
"za"	"in"	434
"il"	"br"	432
"ru"	"pl"	431
"gr"	"es"	431
"ro"	"es"	429
"ro"	"pl"	429
"ro"	"in"	429
"th"	"de"	428
"si"	"br"	426
"za"	"au"	426
"ro"	"dk"	425
"th"	"gb"	425
"vn"	"de"	425
"si"	"au"	425
"gr"	"ch"	425
"ch"	"ar"	424
"si"	"cz"	423
"tw"	"in"	422
"tw"	"be"	421
"ua"	"tw"	421
"no"	"ar"	421
"se"	"gr"	421
"mx"	"hu"	421
"si"	"es"	421
"se"	"mx"	421
"ua"	"ar"	420
"ro"	"it"	418
"hu"	"cz"	417
"th"	"fr"	417
"gr"	"cn"	417
"ro"	"at"	415
"gb"	"cl"	415
"mx"	"cz"	415
"in"	"hu"	414
"vn"	"ua"	414
"mx"	"dk"	414
"za"	"ca"	413
"si"	"mx"	412
"si"	"ch"	412
"tw"	"fi"	412
"si"	"se"	411
"us"	"bg"	411
"fr"	"cl"	409
"ua"	"hu"	409
"vn"	"au"	408
"tw"	"cz"	408
"th"	"au"	407
"ro"	"no"	405
"tw"	"dk"	405
"ru"	"cn"	405
"ve"	"ar"	404
"si"	"dk"	403
"za"	"no"	403
"si"	"be"	403
"tw"	"at"	402
"ro"	"cz"	402
"za"	"es"	402
"ve"	"ca"	402
"th"	"no"	402
"se"	"il"	401
"vn"	"cn"	401
"mx"	"it"	401
"si"	"it"	401
"rs"	"de"	401
"za"	"ch"	401
"si"	"ar"	401
"vn"	"gb"	401
"za"	"hu"	401
"za"	"be"	400
"gr"	"au"	400
"si"	"hu"	400
"vn"	"it"	400
"vn"	"be"	400
"gr"	"br"	399
"gr"	"ca"	399
"cl"	"au"	399
"za"	"mx"	399
"ve"	"it"	398
"vn"	"se"	398
"ro"	"be"	398
"nl"	"il"	398
"ve"	"de"	398
"za"	"se"	398
"za"	"ua"	398
"mx"	"at"	397
"vn"	"nl"	396
"ve"	"gb"	396
"ua"	"mx"	395
"vn"	"fi"	395
"mx"	"cl"	395
"za"	"ar"	394
"ve"	"cz"	394
"in"	"cl"	394
"si"	"cn"	394
"no"	"mx"	394
"si"	"nl"	392
"si"	"no"	392
"th"	"nl"	391
"za"	"cn"	391
"si"	"fi"	391
"vn"	"es"	391
"za"	"cz"	391
"za"	"it"	390
"us"	"my"	390
"it"	"gr"	390
"vn"	"at"	390
"si"	"at"	390
"rs"	"gb"	390
"vn"	"br"	390
"cn"	"cl"	389
"cl"	"br"	388
"vn"	"ch"	388
"gr"	"be"	388
"za"	"at"	387
"il"	"es"	387
"ve"	"si"	387
"za"	"dk"	387
"nl"	"cl"	386
"vn"	"no"	386
"ve"	"au"	386
"ru"	"no"	385
"za"	"fi"	384
"vn"	"cz"	384
"se"	"cl"	384
"cl"	"ar"	384
"ua"	"si"	384
"ro"	"mx"	384
"gr"	"cz"	383
"ve"	"se"	383
"es"	"cl"	383
"vn"	"dk"	383
"pl"	"gr"	382
"ve"	"dk"	382
"ve"	"at"	382
"ve"	"fi"	382
"vn"	"ar"	382
"ve"	"no"	381
"no"	"cl"	381
"tw"	"ar"	381
"th"	"pl"	380
"vn"	"hu"	380
"vn"	"mx"	380
"in"	"gr"	380
"ve"	"hu"	379
"za"	"ve"	379
"vn"	"si"	379
"ve"	"ua"	379
"za"	"vn"	379
"ua"	"cl"	378
"rs"	"pl"	378
"za"	"si"	378
"ro"	"gr"	377
"vn"	"ve"	377
"si"	"in"	376
"gr"	"at"	376
"pl"	"cl"	375
"th"	"cz"	375
"ru"	"fi"	375
"ro"	"ar"	375
"rs"	"fr"	373
"th"	"at"	373
"th"	"ar"	373
"ua"	"th"	373
"ro"	"fi"	372
"th"	"ch"	372
"th"	"ca"	372
"gr"	"fi"	371
"jp"	"ar"	369
"th"	"cn"	368
"pl"	"hu"	368
"fi"	"cl"	368
"vn"	"in"	368
"cl"	"be"	368
"ua"	"ro"	368
"si"	"ro"	367
"th"	"in"	367
"cl"	"ch"	366
"se"	"rs"	366
"cl"	"at"	365
"dk"	"cl"	365
"cl"	"ca"	364
"gr"	"ar"	364
"th"	"it"	364
"rs"	"nl"	364
"ua"	"gr"	364
"ie"	"at"	364
"rs"	"cn"	363
"nz"	"it"	363
"hu"	"gr"	363
"us"	"ee"	362
"th"	"br"	362
"th"	"se"	361
"ve"	"cl"	361
"rs"	"be"	360
"si"	"gr"	360
"th"	"dk"	360
"ru"	"ch"	359
"no"	"gr"	359
"pl"	"mx"	357
"za"	"pl"	357
"nz"	"ar"	356
"it"	"cl"	356
"th"	"es"	356
"za"	"th"	356
"ua"	"rs"	356
"mx"	"gr"	355
"th"	"be"	355
"tw"	"ie"	355
"th"	"ro"	354
"ru"	"il"	354
"vn"	"pl"	354
"rs"	"gr"	354
"si"	"rs"	353
"vn"	"ro"	353
"vn"	"gr"	353
"il"	"dk"	353
"si"	"pl"	353
"th"	"mx"	353
"ve"	"in"	352
"gr"	"dk"	352
"rs"	"ch"	351
"th"	"hu"	351
"th"	"fi"	351
"rs"	"cz"	351
"ve"	"gr"	351
"th"	"si"	350
"cz"	"cl"	349
"vn"	"th"	349
"ve"	"th"	348
"za"	"ro"	348
"my"	"in"	348
"ro"	"cl"	347
"vn"	"cl"	347
"za"	"cl"	347
"ru"	"dk"	347
"za"	"gr"	347
"si"	"cl"	347
"gr"	"cl"	347
"th"	"gr"	347
"hu"	"cl"	347
"rs"	"no"	347
"jp"	"hu"	346
"rs"	"ar"	346
"il"	"fi"	346
"th"	"cl"	346
"rs"	"in"	345
"rs"	"fi"	345
"ve"	"ro"	344
"rs"	"au"	342
"rs"	"es"	342
"rs"	"at"	342
"nz"	"at"	341
"si"	"ca"	341
"my"	"gb"	340
"rs"	"it"	340
"ve"	"pl"	340
"rs"	"br"	339
"rs"	"ro"	338
"jp"	"il"	338
"my"	"de"	337
"vn"	"rs"	335
"rs"	"dk"	335
"ro"	"nz"	334
"th"	"rs"	334
"ph"	"gb"	334
"rs"	"hu"	334
"rs"	"mx"	334
"za"	"rs"	332
"rs"	"ca"	332
"nz"	"hu"	331
"ve"	"rs"	331
"us"	"by"	331
"rs"	"cl"	331
"my"	"ca"	329
"pl"	"il"	328
"ph"	"ca"	328
"my"	"cn"	324
"us"	"jm"	323
"nz"	"gr"	323
"ru"	"ie"	320
"tw"	"it"	319
"th"	"nz"	318
"vn"	"ca"	317
"my"	"au"	316
"mx"	"jp"	316
"il"	"cn"	316
"nz"	"mx"	314
"se"	"my"	313
"tw"	"ro"	312
"tw"	"gr"	312
"za"	"nz"	310
"ee"	"de"	309
"tw"	"hu"	308
"si"	"nz"	308
"my"	"br"	307
"pl"	"my"	307
"tw"	"cl"	306
"gb"	"ee"	306
"nl"	"my"	305
"ro"	"my"	305
"my"	"ch"	304
"ua"	"il"	304
"rs"	"nz"	304
"my"	"ar"	303
"tw"	"my"	303
"ro"	"ie"	303
"my"	"es"	302
"ve"	"nz"	301
"my"	"fr"	301
"vn"	"nz"	300
"nz"	"cl"	299
"my"	"fi"	299
"ee"	"dk"	299
"ru"	"nz"	298
"jm"	"ca"	298
"nz"	"il"	297
"my"	"it"	297
"jm"	"gb"	297
"no"	"my"	296
"tw"	"si"	296
"my"	"dk"	296
"ua"	"my"	296
"my"	"be"	296
"my"	"at"	296
"nz"	"my"	295
"tw"	"mx"	295
"vn"	"tw"	295
"si"	"my"	294
"tw"	"rs"	294
"my"	"mx"	294
"vn"	"my"	294
"jm"	"in"	293
"rs"	"my"	293
"my"	"cz"	293
"za"	"tw"	293
"jm"	"br"	292
"jm"	"de"	292
"no"	"il"	292
"si"	"jm"	292
"za"	"my"	291
"jm"	"fr"	291
"my"	"hu"	291
"my"	"gr"	291
"jm"	"cn"	291
"jm"	"cl"	291
"mx"	"jm"	291
"ua"	"jm"	291
"th"	"my"	291
"jm"	"au"	291
"se"	"jm"	291
"ro"	"jm"	290
"no"	"jm"	290
"il"	"ie"	290
"pl"	"jm"	290
"jm"	"gr"	290
"jm"	"cz"	290
"ve"	"tw"	290
"nl"	"jm"	290
"vn"	"jm"	290
"jm"	"it"	290
"my"	"cl"	290
"jm"	"ar"	290
"jm"	"dk"	290
"jm"	"at"	290
"rs"	"jm"	290
"za"	"jm"	290
"jm"	"es"	290
"jm"	"be"	290
"jm"	"fi"	290
"jm"	"ch"	290
"th"	"jm"	290
"jm"	"hu"	290
"nz"	"jm"	290
"tw"	"th"	290
"ve"	"jm"	290
"ve"	"my"	289
"nl"	"ee"	289
"my"	"jm"	289
"tw"	"jm"	289
"ph"	"de"	287
"fr"	"ee"	287
"ie"	"hu"	286
"il"	"ch"	284
"tw"	"jp"	283
"ph"	"au"	281
"de"	"by"	281
"il"	"be"	278
"ee"	"ca"	277
"us"	"ba"	276
"fi"	"ee"	275
"kr"	"jp"	271
"se"	"ee"	269
"es"	"ee"	269
"ee"	"au"	269
"sk"	"fr"	268
"no"	"ee"	266
"il"	"cz"	264
"ee"	"ch"	263
"ua"	"ee"	263
"pt"	"ca"	262
"jp"	"ee"	262
"gb"	"ba"	261
"il"	"ee"	261
"cn"	"ba"	261
"ru"	"ee"	261
"ee"	"be"	260
"es"	"ba"	259
"ie"	"ee"	259
"nz"	"ee"	259
"pl"	"ee"	259
"de"	"ba"	259
"ee"	"br"	259
"fr"	"ba"	258
"ca"	"ba"	258
"za"	"jp"	258
"br"	"ba"	258
"ee"	"cn"	258
"ee"	"cz"	257
"ph"	"jp"	257
"se"	"ba"	257
"nl"	"ba"	256
"be"	"ba"	256
"us"	"pe"	256
"no"	"ba"	256
"pt"	"de"	256
"ie"	"ar"	256
"mx"	"ie"	255
"ie"	"gr"	255
"nz"	"ba"	254
"ch"	"ba"	254
"ba"	"au"	254
"pl"	"ba"	254
"ua"	"ba"	254
"fi"	"ba"	254
"ph"	"es"	254
"ru"	"ba"	254
"jp"	"ba"	253
"ee"	"ba"	253
"il"	"ba"	253
"cz"	"ba"	253
"ie"	"ba"	253
"us"	"gi"	252
"dk"	"ba"	251
"gi"	"ee"	250
"ua"	"gi"	250
"gi"	"cn"	250
"ie"	"gi"	250
"no"	"gi"	250
"gi"	"ch"	250
"jp"	"gi"	250
"gi"	"br"	250
"gi"	"be"	250
"gi"	"fr"	250
"pl"	"gi"	250
"gi"	"ba"	250
"il"	"gi"	250
"gi"	"au"	250
"gi"	"dk"	250
"ru"	"gi"	250
"gi"	"gb"	250
"gi"	"fi"	250
"se"	"gi"	250
"gi"	"ca"	250
"nz"	"gi"	250
"nl"	"gi"	250
"gi"	"de"	250
"gi"	"es"	250
"si"	"jp"	250
"gi"	"cz"	250
"ph"	"fr"	249
"ro"	"jp"	243
"ph"	"nl"	243
"pt"	"es"	242
"si"	"ie"	240
"de"	"co"	240
"gb"	"co"	239
"tw"	"il"	238
"vn"	"jp"	238
"in"	"il"	236
"il"	"at"	235
"co"	"ca"	235
"uy"	"us"	234
"ph"	"cn"	233
"ph"	"nz"	233
"ph"	"ie"	228
"ve"	"ie"	222
"pt"	"fr"	222
"ru"	"by"	220
"ve"	"jp"	220
"th"	"jp"	219
"us"	"tr"	218
"sg"	"gb"	217
"pl"	"ph"	217
"ph"	"br"	216
"us"	"id"	216
"se"	"ph"	214
"za"	"ie"	214
"th"	"ie"	213
"ph"	"ch"	213
"my"	"ie"	213
"rs"	"ie"	211
"gb"	"bg"	211
"ie"	"cl"	210
"us"	"lt"	210
"ru"	"in"	209
"pt"	"jp"	208
"vn"	"ie"	206
"ru"	"ph"	205
"jp"	"gr"	204
"pt"	"it"	204
"us"	"is"	204
"jm"	"ie"	203
"jp"	"cl"	202
"ph"	"be"	201
"pt"	"at"	200
"us"	"sk"	200
"ua"	"ph"	196
"gb"	"by"	195
"us"	"np"	195
"ph"	"no"	193
"ph"	"fi"	191
"us"	"kr"	191
"us"	"ec"	190
"ca"	"bg"	190
"ph"	"cz"	187
"ph"	"il"	186
"ph"	"dk"	185
"pt"	"au"	183
"sk"	"br"	181
"fr"	"co"	180
"pe"	"gb"	180
"ph"	"ee"	179
"us"	"lk"	179
"ru"	"it"	179
"za"	"sk"	178
"ph"	"ba"	177
"rs"	"jp"	176
"ph"	"gi"	173
"pt"	"in"	173
"pt"	"fi"	172
"il"	"ar"	169
"pt"	"br"	168
"us"	"eg"	166
"fr"	"bg"	164
"ca"	"by"	156
"us"	"ng"	154
"ua"	"by"	154
"us"	"hr"	153
"pt"	"ie"	152
"nl"	"by"	150
"pl"	"by"	148
"es"	"ec"	147
"np"	"gb"	147
"by"	"au"	145
"my"	"jp"	145
"ru"	"at"	145
"de"	"bg"	144
"pl"	"co"	143
"sg"	"de"	142
"no"	"by"	142
"us"	"pa"	139
"in"	"co"	138
"pt"	"ch"	138
"jp"	"by"	138
"fr"	"by"	137
"sg"	"cn"	136
"sk"	"gb"	136
"ru"	"ar"	136
"us"	"cr"	134
"pt"	"nl"	134
"co"	"au"	133
"pt"	"cz"	133
"es"	"by"	131
"pe"	"ca"	131
"sg"	"au"	131
"tw"	"ph"	131
"dk"	"by"	128
"lu"	"fr"	128
"sg"	"ca"	126
"cn"	"by"	126
"us"	"am"	126
"se"	"by"	126
"by"	"br"	125
"nl"	"co"	125
"jp"	"jm"	124
"tw"	"ru"	123
"nz"	"by"	123
"pt"	"dk"	122
"ec"	"br"	122
"ch"	"by"	121
"ee"	"by"	120
"ie"	"by"	120
"co"	"br"	119
"il"	"by"	119
"ru"	"pt"	116
"bg"	"au"	116
"us"	"ae"	116
"tw"	"ee"	115
"ua"	"pt"	115
"se"	"pt"	114
"ec"	"de"	114
"gb"	"ec"	114
"tw"	"by"	114
"sg"	"fr"	114
"dk"	"bg"	114
"fi"	"by"	114
"np"	"ar"	113
"us"	"pk"	113
"in"	"ee"	113
"pe"	"br"	113
"es"	"bg"	112
"cz"	"by"	112
"ph"	"by"	111
"pl"	"ec"	111
"sg"	"in"	111
"se"	"bg"	110
"tw"	"ba"	110
"pt"	"hu"	109
"it"	"ec"	109
"ua"	"az"	109
"np"	"au"	109
"by"	"be"	109
"ec"	"au"	108
"pe"	"de"	107
"nl"	"ec"	107
"np"	"fr"	107
"es"	"co"	106
"tw"	"gi"	106
"gi"	"by"	106
"by"	"ba"	106
"co"	"cn"	106
"lk"	"au"	105
"tr"	"es"	105
"br"	"bg"	104
"ca"	"am"	104
"jp"	"ec"	103
"lk"	"fr"	103
"nl"	"am"	103
"mx"	"ec"	102
"pl"	"am"	102
"fr"	"az"	102
"se"	"ec"	102
"ph"	"in"	101
"ec"	"cn"	101
"ec"	"ar"	101
"fr"	"ec"	100
"ec"	"at"	100
"pt"	"ar"	100
"jp"	"bg"	99
"ua"	"ec"	99
"ca"	"az"	99
"ec"	"cz"	99
"no"	"ec"	99
"pl"	"az"	99
"in"	"ec"	99
"in"	"ba"	99
"ec"	"ch"	98
"lk"	"br"	98
"ec"	"be"	97
"jp"	"co"	97
"ve"	"ec"	96
"rs"	"ec"	96
"it"	"am"	95
"fi"	"ec"	95
"lk"	"ca"	95
"ec"	"ca"	95
"nz"	"ec"	95
"si"	"ec"	95
"ec"	"cl"	94
"gb"	"am"	94
"ec"	"dk"	94
"il"	"hu"	94
"us"	"lu"	94
"gr"	"ec"	94
"il"	"bg"	93
"ro"	"ec"	93
"za"	"ec"	93
"th"	"ec"	93
"hu"	"ec"	93
"vn"	"ec"	93
"it"	"il"	92
"uy"	"gb"	92
"lk"	"gb"	92
"tr"	"at"	92
"sg"	"nl"	91
"pa"	"gb"	91
"cz"	"am"	91
"hr"	"de"	90
"se"	"am"	90
"de"	"am"	90
"sk"	"de"	89
"fr"	"am"	89
"in"	"am"	89
"ua"	"am"	89
"in"	"gi"	88
"br"	"am"	87
"tw"	"ec"	87
"fi"	"am"	87
"cn"	"am"	87
"my"	"ec"	87
"my"	"am"	86
"dk"	"am"	86
"es"	"am"	86
"nz"	"am"	86
"ar"	"am"	86
"cl"	"am"	86
"ro"	"am"	86
"ch"	"am"	86
"mx"	"am"	86
"at"	"am"	86
"no"	"am"	86
"hu"	"am"	86
"jp"	"am"	86
"tr"	"ar"	86
"tw"	"am"	86
"is"	"ca"	86
"au"	"am"	86
"se"	"lk"	86
"jm"	"ec"	86
"be"	"am"	86
"ve"	"am"	86
"is"	"gb"	85
"ec"	"am"	85
"lt"	"de"	85
"pt"	"no"	85
"rs"	"am"	85
"gr"	"am"	85
"jp"	"id"	85
"id"	"de"	85
"jm"	"am"	85
"th"	"am"	85
"gb"	"eg"	85
"vn"	"am"	85
"si"	"am"	85
"za"	"am"	85
"lk"	"es"	84
"it"	"bg"	84
"lk"	"at"	84
"se"	"is"	84
"is"	"au"	84
"sk"	"cn"	83
"nl"	"bg"	83
"is"	"es"	82
"is"	"at"	82
"ru"	"is"	82
"ru"	"hu"	82
"sk"	"au"	82
"fi"	"bg"	82
"is"	"fr"	82
"pt"	"be"	81
"is"	"br"	79
"lk"	"il"	79
"bg"	"at"	79
"us"	"gt"	78
"ru"	"lk"	78
"pt"	"il"	78
"it"	"is"	77
"it"	"co"	77
"tr"	"gb"	77
"ru"	"bg"	76
"sk"	"ca"	75
"ru"	"co"	74
"pe"	"ar"	74
"se"	"co"	74
"bg"	"ar"	73
"gb"	"ae"	73
"np"	"cn"	73
"tr"	"de"	73
"cn"	"bg"	73
"hu"	"bg"	72
"lk"	"jp"	72
"lk"	"it"	72
"pt"	"bg"	72
"pe"	"fr"	72
"us"	"mt"	72
"hr"	"ca"	72
"pa"	"ca"	71
"us"	"do"	71
"id"	"ca"	71
"lk"	"dk"	71
"lk"	"ar"	71
"lk"	"bg"	71
"pt"	"lk"	70
"ua"	"pe"	70
"pt"	"is"	70
"pa"	"fr"	70
"sk"	"cz"	70
"is"	"dk"	70
"sg"	"jp"	69
"jp"	"is"	69
"id"	"gb"	69
"is"	"ar"	69
"is"	"il"	69
"mt"	"gb"	69
"lk"	"hu"	69
"mt"	"ar"	68
"mt"	"at"	68
"mt"	"bg"	68
"ru"	"mt"	68
"mt"	"br"	68
"se"	"mt"	68
"mt"	"es"	68
"mt"	"fr"	68
"mt"	"ca"	68
"lk"	"is"	68
"is"	"bg"	68
"mt"	"dk"	68
"mt"	"il"	68
"pt"	"mt"	68
"mt"	"hu"	68
"mt"	"au"	68
"mt"	"it"	68
"mt"	"jp"	68
"mt"	"lk"	68
"is"	"hu"	68
"tr"	"nl"	68
"mt"	"is"	68
"pe"	"es"	67
"us"	"bs"	67
"lk"	"in"	67
"ro"	"il"	67
"cn"	"bj"	67
"ru"	"ro"	67
"lt"	"is"	67
"tr"	"ru"	66
"mx"	"co"	65
"kr"	"ca"	65
"us"	"ke"	65
"us"	"kh"	64
"us"	"lv"	64
"tr"	"pl"	64
"lt"	"ca"	63
"lt"	"fr"	63
"pt"	"mx"	62
"sg"	"ru"	62
"co"	"ar"	62
"lt"	"gb"	61
"sg"	"br"	61
"is"	"fi"	61
"lk"	"fi"	60
"mt"	"fi"	59
"nl"	"id"	59
"us"	"bd"	59
"lt"	"au"	59
"sg"	"es"	58
"us"	"sn"	58
"ro"	"co"	58
"kr"	"gb"	58
"ng"	"ca"	57
"hr"	"gb"	57
"ph"	"ar"	57
"sg"	"ph"	57
"no"	"lu"	56
"il"	"co"	56
"uy"	"ca"	56
"fi"	"co"	55
"pl"	"bg"	55
"id"	"fr"	55
"pa"	"de"	54
"eg"	"ca"	54
"pt"	"cn"	54
"uy"	"ar"	53
"uy"	"br"	53
"lu"	"de"	52
"lu"	"gb"	52
"fr"	"eg"	52
"ua"	"tr"	51
"pe"	"mx"	51
"us"	"lb"	51
"sk"	"pl"	51
"ro"	"pa"	51
"ru"	"pe"	51
"in"	"eg"	51
"id"	"au"	50
"ph"	"at"	50
"no"	"co"	50
"pa"	"nz"	50
"co"	"bg"	50
"hr"	"au"	50
"in"	"id"	50
"sg"	"it"	50
"co"	"cl"	49
"co"	"ch"	49
"in"	"ae"	49
"sg"	"se"	49
"ca"	"ae"	49
"sg"	"be"	49
"pe"	"at"	49
"kr"	"fr"	47
"uy"	"au"	47
"pt"	"pl"	47
"pe"	"jp"	47
"pe"	"au"	47
"uy"	"de"	47
"eg"	"de"	47
"se"	"pe"	46
"id"	"es"	46
"us"	"mk"	46
"ru"	"mx"	46
"us"	"bj"	46
"in"	"by"	45
"lk"	"de"	45
"lk"	"cl"	45
"sg"	"ie"	45
"lu"	"ca"	45
"pt"	"nz"	44
"pe"	"fi"	44
"pe"	"it"	44
"sg"	"ch"	43
"pa"	"es"	43
"tr"	"in"	43
"pa"	"nl"	43
"ua"	"sg"	43
"us"	"hn"	43
"pl"	"lt"	43
"tr"	"ca"	42
"vn"	"sg"	42
"us"	"az"	42
"id"	"br"	42
"us"	"ug"	42
"tr"	"fr"	42
"ro"	"pt"	41
"np"	"de"	41
"sk"	"se"	41
"uy"	"es"	41
"pe"	"il"	41
"sk"	"in"	41
"id"	"cn"	41
"es"	"ae"	41
"us"	"lr"	40
"pt"	"pe"	40
"pe"	"dk"	40
"tw"	"sg"	40
"md"	"dk"	40
"gb"	"bs"	40
"lt"	"br"	40
"pe"	"bg"	40
"cr"	"ar"	40
"fr"	"ae"	39
"lv"	"gb"	39
"pa"	"cn"	39
"pe"	"hu"	39
"pk"	"au"	39
"ua"	"lt"	39
"ru"	"lt"	39
"uy"	"fr"	39
"lt"	"dk"	39
"sk"	"es"	39
"pe"	"lk"	38
"pe"	"in"	38
"np"	"ca"	38
"tn"	"fr"	38
"uy"	"pl"	38
"sk"	"nl"	38
"za"	"eg"	38
"sg"	"my"	38
"sv"	"es"	37
"sv"	"br"	37
"lu"	"fi"	37
"lu"	"it"	37
"ie"	"co"	37
"es"	"cr"	37
"tw"	"bg"	36
"sk"	"ar"	36
"se"	"ng"	36
"lt"	"it"	36
"pe"	"is"	36
"ng"	"jp"	36
"va"	"us"	36
"in"	"bd"	36
"se"	"lu"	36
"pe"	"mt"	36
"ng"	"au"	36
"sg"	"no"	36
"co"	"at"	35
"lu"	"hu"	35
"th"	"ru"	35
"ru"	"id"	35
"kh"	"de"	35
"de"	"ae"	35
"gt"	"gb"	34
"tr"	"se"	34
"tw"	"co"	34
"id"	"dk"	34
"us"	"kz"	34
"nl"	"ae"	34
"id"	"at"	34
"pl"	"id"	33
"sv"	"ar"	33
"ro"	"lu"	33
"hr"	"fr"	33
"au"	"ae"	33
"sg"	"dk"	33
"sk"	"jp"	33
"sg"	"ar"	33
"tr"	"cn"	33
"uy"	"nz"	33
"sv"	"at"	32
"us"	"sc"	32
"ve"	"pe"	32
"se"	"id"	32
"dk"	"co"	32
"sk"	"ch"	32
"cz"	"bg"	32
"my"	"id"	32
"us"	"ir"	32
"tr"	"sv"	32
"ru"	"lv"	32
"sv"	"pl"	32
"lu"	"be"	31
"nl"	"ng"	31
"pe"	"cn"	30
"es"	"aq"	30
"sk"	"ph"	30
"be"	"ae"	30
"nl"	"lt"	30
"se"	"bs"	30
"ph"	"it"	30
"nl"	"kr"	30
"us"	"tn"	30
"gr"	"co"	30
"sg"	"ae"	30
"pk"	"gb"	30
"in"	"hr"	30
"ph"	"eg"	30
"bs"	"be"	30
"pa"	"jp"	30
"sg"	"pl"	29
"jp"	"eg"	29
"kr"	"au"	29
"uy"	"mx"	29
"jp"	"ae"	29
"pt"	"co"	29
"no"	"bg"	29
"tr"	"br"	29
"us"	"dz"	29
"sk"	"cl"	29
"dz"	"de"	29
"us"	"sv"	29
"kh"	"gb"	28
"sg"	"ro"	28
"ie"	"ae"	28
"cr"	"at"	28
"sk"	"it"	28
"tr"	"cr"	28
"si"	"pt"	28
"pl"	"cr"	28
"ee"	"at"	28
"th"	"pt"	28
"uy"	"jp"	28
"gt"	"br"	28
"ua"	"co"	28
"sk"	"bg"	27
"us"	"rw"	27
"sv"	"cr"	27
"us"	"md"	27
"by"	"ar"	27
"pe"	"co"	27
"sg"	"at"	27
"id"	"cz"	27
"sk"	"eg"	27
"sg"	"nz"	27
"ru"	"gr"	27
"us"	"et"	27
"kr"	"in"	27
"it"	"id"	27
"rw"	"in"	26
"rw"	"lk"	26
"ng"	"la"	26
"np"	"ie"	26
"in"	"cr"	26
"us"	"gh"	26
"np"	"jp"	26
"uy"	"ru"	26
"in"	"bg"	26
"id"	"co"	26
"rw"	"cl"	26
"nz"	"co"	26
"ng"	"fr"	25
"ro"	"lt"	25
"rw"	"au"	25
"pa"	"br"	25
"th"	"ph"	25
"pe"	"nl"	25
"za"	"pt"	25
"pe"	"ie"	25
"kr"	"at"	25
"np"	"in"	25
"fr"	"dz"	25
"co"	"be"	25
"pe"	"cl"	25
"rw"	"br"	25
"ro"	"eg"	25
"dz"	"ca"	25
"se"	"dz"	24
"lt"	"cn"	24
"ie"	"id"	24
"kh"	"br"	24
"us"	"aq"	24
"lt"	"jp"	24
"tr"	"au"	24
"ve"	"co"	24
"ph"	"co"	24
"cn"	"ae"	24
"pa"	"co"	24
"se"	"lt"	24
"pa"	"au"	24
"id"	"eg"	24
"lt"	"bg"	23
"ch"	"bg"	23
"nz"	"lt"	23
"ng"	"cl"	23
"lt"	"co"	23
"ph"	"gr"	23
"kr"	"de"	23
"sk"	"fi"	23
"ua"	"pk"	23
"ch"	"ae"	23
"uy"	"ph"	23
"md"	"gb"	23
"ro"	"bg"	23
"sk"	"no"	23
"ro"	"id"	23
"lu"	"cn"	23
"lv"	"de"	23
"ng"	"gb"	23
"np"	"be"	22
"kr"	"cn"	22
"es"	"bs"	22
"ua"	"kz"	22
"eg"	"cz"	22
"nl"	"et"	22
"sk"	"pt"	22
"hr"	"es"	22
"pl"	"pa"	22
"np"	"nl"	22
"tr"	"ph"	22
"uy"	"nl"	22
"nz"	"np"	22
"se"	"pa"	22
"lt"	"il"	22
"kh"	"co"	22
"pk"	"in"	22
"np"	"es"	22
"kz"	"de"	21
"us"	"ge"	21
"ua"	"sk"	21
"np"	"ch"	21
"np"	"ae"	21
"pa"	"ie"	21
"tw"	"pa"	21
"pt"	"ph"	21
"gb"	"aq"	21
"id"	"ar"	21
"hu"	"co"	21
"gb"	"cr"	21
"sg"	"kr"	21
"pt"	"by"	21
"ke"	"gb"	21
"ua"	"lk"	21
"mx"	"eg"	21
"za"	"ph"	21
"kr"	"cz"	21
"nl"	"eg"	20
"pa"	"bg"	20
"nz"	"ae"	20
"sk"	"co"	20
"vn"	"ru"	20
"dz"	"cn"	20
"kr"	"es"	20
"ph"	"my"	20
"by"	"at"	20
"gb"	"bd"	20
"eg"	"ch"	20
"sg"	"il"	20
"pa"	"np"	20
"nz"	"kh"	20
"et"	"au"	20
"sg"	"np"	20
"pa"	"il"	20
"kr"	"id"	20
"tn"	"gb"	20
"uy"	"in"	20
"md"	"de"	19
"pa"	"ae"	19
"bs"	"au"	19
"id"	"fi"	19
"kh"	"cl"	19
"sk"	"np"	19
"ro"	"dz"	19
"ng"	"kh"	19
"th"	"id"	19
"sk"	"dk"	19
"gr"	"ae"	19
"kz"	"au"	19
"ee"	"ar"	19
"py"	"ar"	19
"ro"	"kr"	19
"pa"	"be"	19
"kz"	"br"	19
"lt"	"in"	19
"no"	"lt"	19
"lt"	"be"	19
"pl"	"hr"	19
"us"	"cy"	19
"ie"	"hr"	19
"ph"	"mx"	19
"sg"	"pa"	19
"kz"	"in"	19
"lu"	"dz"	19
"ng"	"de"	19
"ng"	"br"	18
"ng"	"co"	18
"hr"	"cn"	18
"py"	"cl"	18
"rw"	"kz"	18
"hr"	"br"	18
"is"	"de"	18
"ua"	"rw"	18
"hr"	"fi"	18
"kh"	"au"	18
"uy"	"kh"	18
"rw"	"de"	18
"id"	"ch"	18
"lk"	"kz"	18
"us"	"ly"	18
"jo"	"gb"	18
"pl"	"jo"	18
"pa"	"ch"	18
"pt"	"id"	18
"tn"	"es"	18
"th"	"by"	18
"sk"	"ru"	18
"kz"	"cl"	18
"us"	"jo"	18
"nl"	"lk"	17
"de"	"az"	17
"do"	"co"	17
"tr"	"ch"	17
"hr"	"be"	17
"kh"	"ca"	17
"kh"	"fr"	17
"lv"	"ca"	17
"tr"	"it"	17
"ph"	"id"	17
"it"	"by"	17
"sc"	"jp"	17
"lt"	"ch"	17
"ru"	"ae"	17
"kz"	"fr"	17
"ec"	"co"	17
"sg"	"fi"	17
"nl"	"lv"	17
"us"	"la"	17
"uy"	"co"	17
"lk"	"be"	17
"pe"	"id"	17
"tr"	"be"	17
"mx"	"aq"	17
"sg"	"ee"	17
"fr"	"aq"	17
"pl"	"lk"	17
"no"	"id"	17
"nl"	"jo"	17
"eg"	"au"	16
"sg"	"cz"	16
"jo"	"il"	16
"cl"	"bg"	16
"se"	"jo"	16
"ua"	"md"	16
"ke"	"in"	16
"ru"	"md"	16
"il"	"id"	16
"za"	"id"	16
"ru"	"eg"	16
"us"	"ma"	16
"ua"	"hr"	16
"ua"	"id"	16
"md"	"ca"	16
"kr"	"eg"	16
"la"	"gb"	16
"id"	"bg"	16
"ve"	"cu"	16
"tn"	"de"	16
"sk"	"be"	15
"sa"	"nl"	15
"nz"	"jo"	15
"us"	"cu"	15
"jo"	"au"	15
"tw"	"lk"	15
"lk"	"cn"	15
"cz"	"co"	15
"lk"	"ch"	15
"uy"	"sg"	15
"pt"	"hr"	15
"jo"	"cn"	15
"id"	"hu"	15
"tw"	"jo"	15
"sg"	"id"	15
"jo"	"ca"	15
"jo"	"de"	15
"ng"	"in"	15
"ca"	"bd"	15
"jo"	"es"	15
"jo"	"fr"	15
"nl"	"is"	15
"no"	"lv"	15
"us"	"ps"	15
"ro"	"hr"	15
"ua"	"tn"	15
"jo"	"in"	15
"jo"	"it"	15
"se"	"ke"	15
"tr"	"nz"	15
"do"	"ca"	15
"eg"	"br"	15
"py"	"pe"	15
"us"	"py"	15
"vn"	"tn"	15
"no"	"jo"	15
"ua"	"kr"	14
"uy"	"ie"	14
"nl"	"hr"	14
"lt"	"es"	14
"ca"	"bs"	14
"ru"	"kr"	14
"tr"	"cz"	14
"kr"	"it"	14
"tr"	"no"	14
"sc"	"au"	14
"de"	"bj"	14
"jo"	"ie"	14
"uy"	"cn"	14
"sg"	"mx"	14
"lt"	"ar"	14
"nz"	"lv"	14
"rw"	"fr"	14
"us"	"qa"	14
"tr"	"bg"	14
"ni"	"gb"	14
"sk"	"nz"	14
"rs"	"il"	14
"uy"	"eg"	14
"de"	"aq"	14
"hr"	"cz"	14
"sk"	"at"	14
"tw"	"tr"	14
"jp"	"hr"	14
"br"	"ae"	14
"eg"	"cn"	13
"tr"	"mx"	13
"tr"	"jp"	13
"ba"	"at"	13
"us"	"sa"	13
"us"	"tm"	13
"us"	"bo"	13
"za"	"uy"	13
"kr"	"br"	13
"ro"	"kh"	13
"ve"	"ph"	13
"lv"	"in"	13
"ke"	"es"	13
"nz"	"id"	13
"jo"	"hu"	13
"pl"	"pe"	13
"ua"	"lv"	13
"sc"	"co"	13
"mx"	"hr"	13
"mx"	"il"	13
"mx"	"im"	13
"tr"	"ie"	13
"tr"	"id"	13
"is"	"cn"	13
"ir"	"gb"	13
"sk"	"gr"	13
"pk"	"ca"	13
"hu"	"hr"	13
"ph"	"pe"	13
"tr"	"fi"	13
"hr"	"ar"	13
"tr"	"sg"	13
"sg"	"gr"	13
"gb"	"et"	13
"sg"	"lk"	13
"de"	"bd"	13
"fr"	"bs"	13
"no"	"lk"	13
"si"	"aq"	13
"np"	"ke"	13
"no"	"bd"	12
"cz"	"bj"	12
"ch"	"aq"	12
"pl"	"lv"	12
"it"	"ee"	12
"ke"	"cn"	12
"cr"	"ca"	12
"it"	"hr"	12
"ru"	"cl"	12
"sc"	"ca"	12
"sk"	"pe"	12
"pl"	"kr"	12
"ua"	"ae"	12
"et"	"ca"	12
"gr"	"bg"	12
"fr"	"bj"	12
"ni"	"de"	12
"pl"	"ni"	12
"mk"	"it"	12
"us"	"sy"	12
"et"	"de"	12
"th"	"sg"	12
"no"	"hr"	12
"mk"	"cz"	12
"nl"	"ir"	12
"ru"	"kz"	12
"hr"	"dk"	12
"fr"	"et"	12
"ug"	"gb"	12
"eg"	"co"	12
"mk"	"ie"	12
"eg"	"dk"	12
"me"	"gb"	11
"et"	"cn"	11
"ve"	"mk"	11
"sv"	"ca"	11
"mx"	"id"	11
"tn"	"it"	11
"ua"	"eg"	11
"tr"	"pt"	11
"tr"	"co"	11
"ru"	"rs"	11
"es"	"eg"	11
"rs"	"ni"	11
"uy"	"pe"	11
"mx"	"do"	11
"il"	"cl"	11
"ua"	"bg"	11
"gh"	"gb"	11
"rs"	"co"	11
"ph"	"hr"	11
"ru"	"cy"	11
"se"	"hr"	11
"tn"	"be"	11
"gb"	"cu"	11
"ir"	"ca"	11
"pl"	"kz"	11
"eg"	"at"	11
"md"	"fr"	11
"mk"	"fr"	11
"us"	"al"	11
"ke"	"de"	11
"id"	"et"	11
"id"	"be"	11
"eg"	"ar"	11
"kh"	"ie"	11
"sk"	"il"	11
"lv"	"fi"	11
"lv"	"es"	11
"ss"	"in"	11
"ir"	"de"	11
"pl"	"bs"	11
"tw"	"id"	11
"us"	"bw"	10
"pe"	"no"	10
"bg"	"be"	10
"eg"	"be"	10
"cu"	"cn"	10
"ro"	"ph"	10
"hr"	"ch"	10
"sv"	"gb"	10
"ir"	"br"	10
"us"	"ss"	10
"gt"	"es"	10
"us"	"ni"	10
"pe"	"cz"	10
"ve"	"pt"	10
"fr"	"cu"	10
"si"	"hr"	10
"za"	"ru"	10
"pa"	"by"	10
"zw"	"za"	10
"sc"	"pl"	10
"si"	"mk"	10
"cu"	"ar"	10
"tr"	"dk"	10
"se"	"et"	10
"cu"	"au"	10
"et"	"at"	10
"ru"	"am"	10
"kr"	"co"	10
"dk"	"cu"	10
"sk"	"hu"	10
"ss"	"br"	10
"ss"	"au"	10
"rw"	"pl"	10
"no"	"et"	10
"la"	"jp"	10
"ie"	"et"	10
"uy"	"ua"	10
"ke"	"au"	10
"sg"	"co"	10
"lu"	"at"	10
"sk"	"ie"	10
"uy"	"it"	10
"cu"	"be"	10
"ca"	"bj"	10
"il"	"ae"	10
"us"	"fo"	10
"gt"	"ch"	10
"lv"	"cz"	10
"ke"	"ca"	10
"ph"	"cr"	10
"sc"	"id"	10
"sc"	"de"	10
"ss"	"fr"	9
"lv"	"at"	9
"lv"	"br"	9
"bj"	"au"	9
"br"	"bj"	9
"ru"	"pk"	9
"kr"	"ar"	9
"cz"	"cu"	9
"ua"	"ss"	9
"ss"	"kz"	9
"ss"	"lk"	9
"nl"	"cu"	9
"pt"	"gr"	9
"om"	"mz"	9
"cu"	"cl"	9
"md"	"au"	9
"ss"	"pl"	9
"cu"	"br"	9
"tn"	"cl"	9
"za"	"mz"	9
"ss"	"rw"	9
"nl"	"az"	9
"md"	"jp"	9
"pk"	"cn"	9
"dk"	"ae"	9
"ph"	"cl"	9
"tr"	"ro"	9
"si"	"co"	9
"ie"	"ec"	9
"es"	"bo"	9
"th"	"co"	9
"cn"	"bd"	9
"tr"	"my"	9
"cn"	"az"	9
"sv"	"ph"	9
"sz"	"cn"	9
"in"	"cu"	9
"in"	"et"	9
"lb"	"gb"	9
"lk"	"id"	9
"se"	"eg"	9
"us"	"ls"	9
"ua"	"cr"	9
"ir"	"in"	9
"tr"	"gr"	9
"us"	"me"	9
"it"	"ba"	9
"sk"	"ro"	9
"gr"	"eg"	9
"mx"	"kr"	9
"uy"	"am"	9
"uy"	"at"	9
"uy"	"cz"	9
"sk"	"sg"	9
"lu"	"au"	9
"ss"	"cl"	9
"kr"	"dk"	9
"sg"	"by"	9
"ss"	"de"	9
"lu"	"in"	9
"tr"	"kr"	8
"ru"	"my"	8
"mx"	"cu"	8
"rs"	"cu"	8
"et"	"dk"	8
"uy"	"se"	8
"bs"	"ar"	8
"pl"	"kh"	8
"ru"	"et"	8
"de"	"al"	8
"gi"	"at"	8
"no"	"cu"	8
"cu"	"ch"	8
"tn"	"co"	8
"nz"	"cu"	8
"cu"	"at"	8
"lu"	"bg"	8
"kr"	"ch"	8
"gr"	"cu"	8
"es"	"cu"	8
"nz"	"eg"	8
"it"	"cu"	8
"tr"	"il"	8
"ua"	"mk"	8
"th"	"cu"	8
"sn"	"nz"	8
"lb"	"ca"	8
"pl"	"cu"	8
"pl"	"eg"	8
"tn"	"ng"	8
"jp"	"cu"	8
"tn"	"kh"	8
"ca"	"al"	8
"se"	"kr"	8
"se"	"cu"	8
"si"	"cu"	8
"ve"	"cr"	8
"pe"	"nz"	8
"is"	"id"	8
"mt"	"id"	8
"id"	"gr"	8
"ec"	"cu"	8
"pa"	"in"	8
"ve"	"ru"	8
"kr"	"be"	8
"sg"	"rs"	8
"in"	"gh"	8
"lv"	"co"	8
"sv"	"eg"	8
"ua"	"cu"	8
"sg"	"pt"	8
"fi"	"cu"	8
"vn"	"cu"	8
"lv"	"it"	8
"lv"	"jp"	8
"tr"	"si"	8
"pt"	"ee"	8
"nz"	"et"	8
"is"	"cz"	8
"it"	"bj"	8
"kh"	"es"	8
"us"	"ky"	8
"at"	"ae"	8
"ug"	"rw"	8
"za"	"co"	8
"za"	"cu"	8
"ro"	"cu"	8
"us"	"so"	8
"mm"	"au"	8
"de"	"cu"	8
"nz"	"bg"	8
"mk"	"in"	8
"tw"	"pt"	8
"cr"	"co"	8
"pk"	"ae"	8
"tr"	"ee"	8
"hu"	"cu"	8
"pl"	"ng"	8
"gb"	"bj"	8
"tn"	"az"	7
"ph"	"hu"	7
"ph"	"lv"	7
"se"	"bd"	7
"lv"	"cn"	7
"vn"	"az"	7
"sg"	"cl"	7
"rs"	"pt"	7
"lr"	"gb"	7
"uy"	"ch"	7
"do"	"cn"	7
"la"	"ch"	7
"pe"	"be"	7
"tr"	"rs"	7
"us"	"mg"	7
"ru"	"hr"	7
"lv"	"ie"	7
"se"	"lv"	7
"si"	"ee"	7
"pt"	"do"	7
"uy"	"fi"	7
"vn"	"lk"	7
"tr"	"pe"	7
"sk"	"lv"	7
"fi"	"eg"	7
"vn"	"pk"	7
"ph"	"ae"	7
"mx"	"cr"	7
"np"	"no"	7
"sg"	"pe"	7
"sa"	"ar"	7
"sk"	"bj"	7
"kr"	"fi"	7
"vu"	"cn"	7
"tr"	"sk"	7
"pk"	"jp"	7
"ke"	"co"	7
"lu"	"br"	7
"no"	"kr"	7
"ro"	"ng"	7
"lu"	"dk"	7
"ir"	"au"	7
"es"	"do"	7
"ru"	"pa"	7
"in"	"bj"	7
"tz"	"de"	7
"nl"	"lu"	7
"sc"	"it"	7
"it"	"cr"	7
"ng"	"my"	7
"ru"	"lu"	7
"sk"	"ec"	7
"si"	"bg"	7
"rs"	"id"	7
"mk"	"gb"	7
"it"	"eg"	7
"md"	"fi"	7
"pt"	"ng"	7
"bd"	"au"	7
"bj"	"bg"	7
"ru"	"me"	7
"ph"	"lt"	7
"mk"	"ch"	7
"lv"	"au"	7
"sg"	"lt"	7
"gr"	"bj"	7
"za"	"ug"	7
"kh"	"ar"	7
"gb"	"cy"	6
"no"	"eg"	6
"gb"	"bw"	6
"gb"	"bo"	6
"gb"	"az"	6
"ph"	"bd"	6
"rs"	"ph"	6
"es"	"ad"	6
"th"	"ba"	6
"si"	"id"	6
"th"	"kr"	6
"lu"	"lt"	6
"tm"	"in"	6
"tm"	"my"	6
"tm"	"ng"	6
"tm"	"ro"	6
"tn"	"pl"	6
"rs"	"mn"	6
"tr"	"cl"	6
"tr"	"eg"	6
"do"	"br"	6
"lv"	"by"	6
"kz"	"cn"	6
"dk"	"bd"	6
"si"	"sg"	6
"tr"	"th"	6
"de"	"bo"	6
"sk"	"by"	6
"tw"	"kr"	6
"cr"	"cl"	6
"pe"	"lv"	6
"lv"	"eg"	6
"sk"	"mx"	6
"ua"	"bd"	6
"lv"	"fr"	6
"cl"	"by"	6
"ca"	"bm"	6
"lv"	"id"	6
"us"	"tt"	6
"lv"	"il"	6
"ua"	"ke"	6
"br"	"al"	6
"us"	"bm"	6
"us"	"cf"	6
"py"	"ca"	6
"mk"	"ca"	6
"uy"	"be"	6
"ke"	"br"	6
"vn"	"ph"	6
"jp"	"et"	6
"ly"	"co"	6
"mr"	"fr"	6
"ba"	"ar"	6
"jp"	"bw"	6
"az"	"at"	6
"lk"	"cz"	6
"sa"	"gb"	6
"th"	"ae"	6
"sc"	"cz"	6
"za"	"al"	6
"uy"	"id"	6
"sc"	"fr"	6
"ma"	"il"	6
"mx"	"ma"	6
"mx"	"md"	6
"it"	"az"	6
"my"	"co"	6
"is"	"co"	6
"sc"	"ru"	6
"my"	"mm"	6
"ie"	"eg"	6
"us"	"ht"	6
"lk"	"ie"	6
"pl"	"bd"	6
"id"	"by"	6
"pe"	"eg"	6
"pk"	"nl"	6
"pk"	"de"	6
"us"	"je"	6
"nl"	"bj"	6
"hr"	"cl"	6
"lu"	"ch"	6
"se"	"sc"	6
"md"	"es"	6
"za"	"ke"	6
"gt"	"co"	6
"nl"	"ke"	6
"gt"	"ca"	6
"za"	"ng"	6
"nz"	"kr"	6
"ph"	"ir"	6
"nl"	"mk"	6
"sg"	"hr"	6
"pe"	"ch"	6
"gr"	"by"	6
"lk"	"co"	6
"md"	"lt"	6
"gb"	"dz"	6
"gb"	"do"	6
"lt"	"at"	6
"zm"	"cn"	6
"lv"	"ar"	6
"sg"	"pk"	5
"no"	"ng"	5
"uz"	"us"	5
"kh"	"cn"	5
"us"	"iq"	5
"lk"	"do"	5
"my"	"il"	5
"si"	"ke"	5
"tt"	"au"	5
"tt"	"be"	5
"tt"	"ca"	5
"tt"	"cz"	5
"tt"	"es"	5
"mg"	"in"	5
"tt"	"fr"	5
"tt"	"in"	5
"tt"	"pl"	5
"fr"	"bo"	5
"se"	"bj"	5
"be"	"az"	5
"ua"	"cy"	5
"de"	"cr"	5
"bd"	"ar"	5
"ro"	"by"	5
"de"	"bm"	5
"ch"	"bo"	5
"my"	"by"	5
"ch"	"bd"	5
"pl"	"ke"	5
"th"	"et"	5
"gl"	"cn"	5
"rs"	"ee"	5
"us"	"mv"	5
"sy"	"co"	5
"rs"	"bg"	5
"kw"	"in"	5
"th"	"eg"	5
"np"	"hu"	5
"nl"	"md"	5
"gt"	"bg"	5
"lt"	"by"	5
"ke"	"jp"	5
"ph"	"ke"	5
"rs"	"ba"	5
"it"	"bd"	5
"ke"	"il"	5
"lt"	"cz"	5
"sg"	"bg"	5
"lb"	"fr"	5
"sg"	"ba"	5
"qa"	"gb"	5
"it"	"et"	5
"mx"	"ee"	5
"ve"	"id"	5
"nl"	"do"	5
"si"	"ru"	5
"sc"	"ch"	5
"mt"	"co"	5
"ro"	"ky"	5
"dz"	"cz"	5
"pk"	"ph"	5
"sa"	"ca"	5
"sn"	"es"	5
"lv"	"be"	5
"nz"	"ke"	5
"nl"	"bd"	5
"ve"	"uy"	5
"ky"	"de"	5
"hu"	"by"	5
"ro"	"pk"	5
"lv"	"cl"	5
"rw"	"ch"	5
"lt"	"ie"	5
"id"	"ba"	5
"jp"	"bd"	5
"tw"	"pe"	5
"si"	"pe"	5
"vn"	"co"	5
"pt"	"cl"	5
"id"	"bd"	5
"lv"	"gr"	5
"cr"	"br"	5
"pt"	"ec"	5
"pl"	"ae"	5
"ke"	"be"	5
"cr"	"au"	5
"pt"	"et"	5
"id"	"ee"	5
"pl"	"bj"	5
"tz"	"ch"	5
"vn"	"il"	5
"ug"	"br"	5
"ug"	"ch"	5
"ug"	"cn"	5
"ke"	"ch"	5
"ng"	"cn"	5
"ie"	"bg"	5
"ke"	"cz"	5
"pe"	"gr"	5
"uy"	"lt"	5
"vn"	"pt"	5
"ly"	"gb"	5
"mk"	"es"	5
"ma"	"ca"	5
"ke"	"fr"	5
"vn"	"tr"	5
"mk"	"br"	5
"im"	"de"	5
"pl"	"gt"	5
"in"	"cy"	5
"pt"	"my"	5
"ma"	"de"	5
"ro"	"ee"	5
"pe"	"ee"	4
"fr"	"bd"	4
"do"	"de"	4
"rs"	"ke"	4
"lr"	"ca"	4
"de"	"cy"	4
"ls"	"de"	4
"no"	"ke"	4
"de"	"cm"	4
"dz"	"am"	4
"nz"	"bm"	4
"no"	"is"	4
"gb"	"bm"	4
"gb"	"fo"	4
"gh"	"de"	4
"no"	"bm"	4
"us"	"mw"	4
"pa"	"no"	4
"sg"	"hu"	4
"dz"	"ar"	4
"gt"	"cn"	4
"cy"	"ca"	4
"sg"	"bd"	4
"ph"	"kr"	4
"cy"	"at"	4
"hr"	"at"	4
"ru"	"az"	4
"hr"	"co"	4
"hr"	"gr"	4
"nl"	"bs"	4
"hu"	"ae"	4
"ru"	"bd"	4
"tr"	"ae"	4
"us"	"sl"	4
"lt"	"gr"	4
"se"	"np"	4
"tw"	"lt"	4
"hu"	"bm"	4
"gr"	"az"	4
"hu"	"cf"	4
"pk"	"fi"	4
"tw"	"pk"	4
"pk"	"fr"	4
"ni"	"es"	4
"it"	"ir"	4
"id"	"ec"	4
"tw"	"sk"	4
"ro"	"np"	4
"lu"	"ar"	4
"ie"	"am"	4
"tz"	"gb"	4
"uy"	"il"	4
"se"	"kh"	4
"tj"	"ru"	4
"co"	"ba"	4
"pl"	"do"	4
"uy"	"no"	4
"tj"	"cn"	4
"tr"	"by"	4
"na"	"eg"	4
"il"	"ec"	4
"in"	"dz"	4
"dz"	"be"	4
"uz"	"ca"	4
"va"	"in"	4
"ir"	"cn"	4
"lu"	"by"	4
"ir"	"fr"	4
"se"	"az"	4
"sc"	"nz"	4
"my"	"bg"	4
"my"	"bd"	4
"sc"	"in"	4
"mx"	"lv"	4
"ro"	"md"	4
"mx"	"lt"	4
"mx"	"kh"	4
"dz"	"br"	4
"mx"	"gt"	4
"ro"	"lk"	4
"ug"	"au"	4
"sn"	"gb"	4
"pa"	"cl"	4
"vn"	"mm"	4
"ps"	"ca"	4
"pe"	"cr"	4
"kh"	"id"	4
"jo"	"at"	4
"ps"	"gb"	4
"lv"	"ch"	4
"pt"	"lu"	4
"pt"	"lv"	4
"zw"	"zm"	4
"kh"	"gr"	4
"ua"	"pa"	4
"us"	"ao"	4
"ke"	"fi"	4
"mv"	"in"	4
"kh"	"fi"	4
"jo"	"eg"	4
"pt"	"ba"	4
"pt"	"bm"	4
"np"	"mt"	4
"ro"	"et"	4
"bm"	"be"	4
"bm"	"au"	4
"sa"	"de"	4
"ua"	"ir"	4
"lv"	"ee"	4
"sa"	"au"	4
"us"	"bf"	4
"ke"	"gh"	4
"ma"	"fr"	4
"za"	"bm"	4
"kr"	"by"	4
"bg"	"ba"	4
"jp"	"cr"	4
"jp"	"do"	4
"ke"	"id"	4
"pt"	"pk"	4
"ke"	"ie"	4
"ps"	"au"	4
"py"	"au"	4
"tr"	"hu"	4
"me"	"fr"	4
"py"	"in"	4
"ec"	"bo"	4
"rs"	"eg"	4
"pe"	"ke"	4
"si"	"il"	4
"ke"	"at"	4
"si"	"ph"	4
"tr"	"ir"	4
"ee"	"co"	4
"za"	"il"	4
"kr"	"bg"	4
"tr"	"ke"	4
"mx"	"ae"	4
"kh"	"in"	4
"eg"	"ba"	4
"tr"	"lv"	4
"pt"	"eg"	4
"eg"	"bg"	4
"do"	"ar"	4
"th"	"bg"	4
"eg"	"ee"	4
"md"	"ie"	4
"us"	"ga"	4
"md"	"in"	4
"za"	"ps"	4
"es"	"bd"	4
"th"	"aq"	4
"sn"	"de"	4
"rs"	"hr"	4
"za"	"rw"	4
"vn"	"id"	4
"et"	"br"	4
"ke"	"it"	4
"ph"	"bg"	4
"pl"	"np"	4
"qa"	"in"	4
"sa"	"it"	4
"ke"	"bg"	4
"sg"	"ps"	4
"me"	"br"	4
"qa"	"br"	4
"si"	"kr"	4
"zm"	"ug"	4
"zm"	"za"	4
"zw"	"cn"	4
"zw"	"ug"	4
"tr"	"ba"	4
"gb"	"ao"	3
"gh"	"es"	3
"gr"	"bd"	3
"gt"	"fr"	3
"ht"	"ca"	3
"uy"	"bw"	3
"uy"	"by"	3
"ht"	"de"	3
"ht"	"fi"	3
"hu"	"bj"	3
"hu"	"ee"	3
"id"	"ae"	3
"id"	"cr"	3
"uy"	"dk"	3
"ie"	"bd"	3
"ie"	"do"	3
"ie"	"dz"	3
"ie"	"gh"	3
"ie"	"ht"	3
"uy"	"gr"	3
"il"	"eg"	3
"in"	"bo"	3
"th"	"pe"	3
"in"	"cm"	3
"in"	"do"	3
"in"	"gt"	3
"ir"	"ch"	3
"it"	"ae"	3
"uy"	"lv"	3
"je"	"gb"	3
"uy"	"my"	3
"jo"	"cz"	3
"ua"	"jo"	3
"jo"	"id"	3
"jp"	"al"	3
"ua"	"kg"	3
"th"	"sk"	3
"th"	"sy"	3
"jp"	"bo"	3
"tj"	"de"	3
"uy"	"tr"	3
"jp"	"ht"	3
"tm"	"es"	3
"ke"	"ar"	3
"ke"	"ba"	3
"ke"	"ee"	3
"ua"	"ng"	3
"ke"	"eg"	3
"kh"	"at"	3
"kh"	"cz"	3
"kh"	"eg"	3
"kh"	"jp"	3
"kr"	"bd"	3
"kr"	"cl"	3
"kr"	"ee"	3
"kr"	"gr"	3
"ua"	"qa"	3
"kr"	"hu"	3
"kr"	"ie"	3
"ky"	"gb"	3
"tn"	"nl"	3
"ky"	"ie"	3
"kz"	"be"	3
"kz"	"by"	3
"ve"	"eg"	3
"lb"	"au"	3
"lb"	"be"	3
"lb"	"de"	3
"tr"	"bd"	3
"lt"	"id"	3
"lu"	"es"	3
"ua"	"tz"	3
"lu"	"ie"	3
"lu"	"il"	3
"ug"	"ca"	3
"lu"	"jp"	3
"lv"	"ba"	3
"ve"	"kh"	3
"ve"	"lv"	3
"lv"	"bg"	3
"ug"	"ke"	3
"lv"	"ke"	3
"lv"	"kh"	3
"us"	"af"	3
"lv"	"lu"	3
"ve"	"pa"	3
"ly"	"de"	3
"ma"	"it"	3
"md"	"ar"	3
"tr"	"ec"	3
"md"	"co"	3
"md"	"it"	3
"mg"	"cn"	3
"mg"	"ke"	3
"ve"	"sg"	3
"mk"	"ar"	3
"mk"	"dk"	3
"mm"	"fr"	3
"mv"	"br"	3
"mv"	"ca"	3
"mw"	"ke"	3
"mx"	"bg"	3
"mx"	"by"	3
"my"	"cr"	3
"my"	"ee"	3
"my"	"kr"	3
"na"	"in"	3
"vn"	"bg"	3
"ng"	"bf"	3
"ng"	"it"	3
"ni"	"cl"	3
"us"	"cm"	3
"ni"	"cr"	3
"nl"	"gt"	3
"nl"	"ma"	3
"tr"	"np"	3
"no"	"az"	3
"no"	"md"	3
"np"	"at"	3
"np"	"fi"	3
"np"	"it"	3
"np"	"jm"	3
"nz"	"lk"	3
"om"	"eg"	3
"pa"	"it"	3
"sk"	"si"	3
"pe"	"ba"	3
"pe"	"gt"	3
"pe"	"hr"	3
"pe"	"kh"	3
"pe"	"my"	3
"ph"	"kh"	3
"ph"	"lu"	3
"ph"	"np"	3
"pk"	"at"	3
"pk"	"br"	3
"pk"	"es"	3
"pk"	"id"	3
"pk"	"mx"	3
"pl"	"is"	3
"pl"	"lu"	3
"pl"	"md"	3
"pl"	"pk"	3
"tw"	"bd"	3
"ps"	"de"	3
"ps"	"il"	3
"pt"	"dz"	3
"pt"	"ke"	3
"pt"	"kr"	3
"pt"	"md"	3
"qa"	"at"	3
"qa"	"ca"	3
"qa"	"nl"	3
"ro"	"bo"	3
"ro"	"cr"	3
"rs"	"by"	3
"us"	"kw"	3
"vu"	"us"	3
"rs"	"kr"	3
"rs"	"lv"	3
"tw"	"eg"	3
"rs"	"np"	3
"rs"	"pe"	3
"za"	"ba"	3
"ru"	"ec"	3
"ru"	"ir"	3
"ru"	"kh"	3
"ru"	"ma"	3
"ru"	"np"	3
"rw"	"mz"	3
"za"	"cm"	3
"sa"	"cl"	3
"sa"	"ru"	3
"se"	"do"	3
"se"	"ht"	3
"se"	"ir"	3
"us"	"mm"	3
"us"	"mn"	3
"se"	"ma"	3
"se"	"md"	3
"tw"	"ke"	3
"sg"	"az"	3
"sg"	"eg"	3
"sg"	"ke"	3
"tw"	"lv"	3
"sg"	"lr"	3
"sg"	"lv"	3
"si"	"ba"	3
"si"	"by"	3
"si"	"eg"	3
"si"	"lv"	3
"sk"	"ba"	3
"sk"	"ee"	3
"za"	"lr"	3
"za"	"lv"	3
"za"	"mg"	3
"za"	"mk"	3
"sk"	"id"	3
"sk"	"ke"	3
"sk"	"rs"	3
"sn"	"ch"	3
"sn"	"fr"	3
"sv"	"de"	3
"sv"	"nl"	3
"sy"	"au"	3
"sy"	"lb"	3
"be"	"bd"	3
"bo"	"ar"	3
"bo"	"au"	3
"br"	"bd"	3
"bw"	"al"	3
"by"	"bg"	3
"ch"	"bz"	3
"za"	"sg"	3
"co"	"bd"	3
"cz"	"al"	3
"cz"	"bd"	3
"cz"	"bw"	3
"de"	"bw"	3
"do"	"au"	3
"do"	"cz"	3
"ec"	"by"	3
"ec"	"do"	3
"ee"	"bg"	3
"fr"	"bz"	3
"us"	"tz"	3
"zm"	"us"	3
"fr"	"cm"	3
"fr"	"cy"	3
"uy"	"al"	3
"gb"	"al"	3
"ug"	"in"	3
"is"	"ch"	2
"by"	"am"	2
"tr"	"is"	2
"is"	"be"	2
"et"	"by"	2
"ir"	"ie"	2
"ng"	"fi"	2
"so"	"eg"	2
"pe"	"lu"	2
"et"	"bd"	2
"ir"	"fi"	2
"tr"	"jo"	2
"ni"	"it"	2
"es"	"dz"	2
"es"	"cy"	2
"by"	"ae"	2
"bs"	"bg"	2
"bs"	"at"	2
"ir"	"cl"	2
"br"	"bo"	2
"eg"	"ec"	2
"se"	"cr"	2
"mx"	"is"	2
"th"	"kh"	2
"ir"	"at"	2
"my"	"lk"	2
"tr"	"az"	2
"nz"	"cy"	2
"pa"	"id"	2
"mx"	"cy"	2
"eg"	"ae"	2
"ee"	"ec"	2
"mx"	"bo"	2
"iq"	"ca"	2
"ee"	"cl"	2
"in"	"ht"	2
"my"	"kw"	2
"ee"	"bd"	2
"ee"	"az"	2
"ee"	"aq"	2
"sv"	"au"	2
"ni"	"fr"	2
"nl"	"cr"	2
"in"	"bf"	2
"in"	"az"	2
"ec"	"bg"	2
"si"	"jo"	2
"pe"	"jo"	2
"il"	"gr"	2
"ec"	"ba"	2
"ec"	"ae"	2
"my"	"ba"	2
"pa"	"gr"	2
"il"	"am"	2
"no"	"ae"	2
"ie"	"cf"	2
"se"	"kz"	2
"nl"	"ni"	2
"ie"	"bo"	2
"se"	"lr"	2
"si"	"lu"	2
"th"	"np"	2
"bd"	"at"	2
"sv"	"fr"	2
"tr"	"lr"	2
"sv"	"gt"	2
"pk"	"it"	2
"sv"	"in"	2
"ni"	"co"	2
"se"	"mv"	2
"th"	"pk"	2
"ph"	"jo"	2
"pk"	"lk"	2
"do"	"dk"	2
"do"	"cl"	2
"az"	"au"	2
"hu"	"bd"	2
"hu"	"ba"	2
"nl"	"kz"	2
"nl"	"kh"	2
"nl"	"bo"	2
"dk"	"cr"	2
"tm"	"gb"	2
"se"	"ps"	2
"dk"	"az"	2
"sk"	"ae"	2
"tr"	"lt"	2
"hr"	"by"	2
"np"	"id"	2
"sy"	"my"	2
"tr"	"lu"	2
"mx"	"bd"	2
"mx"	"ke"	2
"nl"	"cy"	2
"sg"	"ao"	2
"mx"	"mk"	2
"tn"	"ar"	2
"hn"	"gb"	2
"ar"	"aq"	2
"hn"	"fr"	2
"pl"	"et"	2
"np"	"gr"	2
"ph"	"az"	2
"pk"	"pe"	2
"cy"	"ch"	2
"cy"	"by"	2
"cy"	"br"	2
"cy"	"bg"	2
"gt"	"dk"	2
"cy"	"be"	2
"np"	"my"	2
"np"	"dk"	2
"ng"	"dk"	2
"tn"	"ca"	2
"cu"	"ca"	2
"tn"	"ch"	2
"mx"	"dz"	2
"sg"	"ec"	2
"pl"	"ir"	2
"pe"	"kr"	2
"pa"	"mx"	2
"pa"	"ar"	2
"cr"	"be"	2
"np"	"cr"	2
"co"	"by"	2
"sk"	"jo"	2
"np"	"co"	2
"np"	"mx"	2
"pl"	"ao"	2
"np"	"br"	2
"gr"	"cr"	2
"gr"	"ba"	2
"gl"	"dk"	2
"sk"	"lu"	2
"pk"	"ar"	2
"pe"	"bd"	2
"ng"	"by"	2
"mx"	"lk"	2
"sg"	"jo"	2
"pk"	"bd"	2
"th"	"cy"	2
"ni"	"at"	2
"tn"	"in"	2
"cl"	"bo"	2
"no"	"ma"	2
"pl"	"cy"	2
"gb"	"bf"	2
"sg"	"lu"	2
"ch"	"bj"	2
"ch"	"az"	2
"fr"	"do"	2
"tw"	"is"	2
"sg"	"ng"	2
"tr"	"hr"	2
"fr"	"cr"	2
"ca"	"bw"	2
"pk"	"ch"	2
"ca"	"bo"	2
"ph"	"ec"	2
"ni"	"jp"	2
"no"	"kh"	2
"ng"	"kr"	2
"sn"	"at"	2
"fi"	"cy"	2
"sn"	"be"	2
"ng"	"az"	2
"sg"	"qa"	2
"tr"	"pk"	2
"no"	"ir"	2
"ng"	"gr"	2
"by"	"bd"	2
"fi"	"bd"	2
"fi"	"az"	2
"np"	"kr"	2
"by"	"az"	2
"sn"	"gh"	2
"sn"	"it"	2
"pl"	"me"	2
"my"	"eg"	2
"tw"	"lu"	2
"ps"	"cn"	2
"tw"	"ng"	2
"ps"	"eg"	2
"ps"	"it"	2
"ps"	"nl"	2
"tz"	"ke"	2
"pt"	"ae"	2
"mv"	"gb"	2
"ua"	"bo"	2
"mv"	"de"	2
"mu"	"gb"	2
"ua"	"dz"	2
"pt"	"cr"	2
"ua"	"is"	2
"ua"	"lu"	2
"pt"	"jo"	2
"mk"	"fi"	2
"mk"	"de"	2
"mk"	"bg"	2
"mk"	"ba"	2
"mk"	"au"	2
"ug"	"de"	2
"ug"	"ec"	2
"ug"	"it"	2
"ug"	"jm"	2
"ug"	"mk"	2
"ug"	"se"	2
"py"	"gb"	2
"us"	"cd"	2
"pe"	"ec"	2
"qa"	"cn"	2
"qa"	"cz"	2
"qa"	"de"	2
"qa"	"fr"	2
"us"	"gl"	2
"qa"	"it"	2
"qa"	"pl"	2
"md"	"lv"	2
"us"	"kg"	2
"us"	"kp"	2
"nz"	"md"	2
"md"	"cn"	2
"md"	"cl"	2
"md"	"ch"	2
"md"	"by"	2
"md"	"at"	2
"ma"	"jp"	2
"ma"	"in"	2
"us"	"mu"	2
"ma"	"es"	2
"ma"	"co"	2
"ma"	"ch"	2
"ma"	"br"	2
"us"	"om"	2
"lv"	"jo"	2
"lv"	"hu"	2
"lv"	"ec"	2
"ro"	"ke"	2
"lu"	"ke"	2
"us"	"sb"	2
"lu"	"jo"	2
"lu"	"id"	2
"us"	"sh"	2
"lu"	"eg"	2
"lu"	"ee"	2
"lu"	"ec"	2
"lu"	"cz"	2
"us"	"tj"	2
"lu"	"co"	2
"lu"	"ba"	2
"lt"	"kr"	2
"uy"	"ae"	2
"lt"	"hu"	2
"lt"	"fi"	2
"lt"	"ec"	2
"uy"	"cl"	2
"rs"	"bd"	2
"lt"	"bd"	2
"nz"	"lu"	2
"lr"	"cl"	2
"uy"	"hr"	2
"lk"	"kw"	2
"uy"	"pk"	2
"lb"	"in"	2
"uy"	"py"	2
"lb"	"es"	2
"uy"	"th"	2
"uy"	"tw"	2
"uz"	"ru"	2
"rs"	"jo"	2
"rs"	"lu"	2
"ve"	"by"	2
"la"	"ca"	2
"kz"	"it"	2
"nz"	"is"	2
"kz"	"es"	2
"kz"	"cz"	2
"ru"	"al"	2
"ve"	"il"	2
"ve"	"kr"	2
"kw"	"br"	2
"kw"	"au"	2
"kw"	"ae"	2
"kr"	"kp"	2
"ve"	"py"	2
"kr"	"ke"	2
"ru"	"cu"	2
"kr"	"is"	2
"ve"	"sa"	2
"kr"	"il"	2
"kr"	"hr"	2
"pe"	"ae"	2
"kr"	"gt"	2
"vn"	"bd"	2
"kr"	"az"	2
"vn"	"by"	2
"ru"	"ke"	2
"kh"	"ch"	2
"kg"	"in"	2
"kg"	"hr"	2
"vn"	"is"	2
"kg"	"gb"	2
"ru"	"mk"	2
"ke"	"jo"	2
"ru"	"ng"	2
"vn"	"np"	2
"ke"	"hr"	2
"ke"	"ec"	2
"jp"	"jo"	2
"vn"	"sk"	2
"jp"	"ir"	2
"ru"	"py"	2
"jp"	"gt"	2
"vu"	"ca"	2
"jp"	"az"	2
"vu"	"es"	2
"jp"	"af"	2
"ar"	"ae"	2
"jo"	"fi"	2
"jo"	"ee"	2
"jo"	"ec"	2
"rw"	"mk"	2
"jo"	"co"	2
"za"	"by"	2
"jo"	"ch"	2
"jo"	"br"	2
"sa"	"be"	2
"za"	"cr"	2
"sa"	"br"	2
"sa"	"by"	2
"jo"	"bg"	2
"za"	"ee"	2
"jo"	"be"	2
"za"	"hr"	2
"jo"	"ba"	2
"za"	"md"	2
"jo"	"ar"	2
"za"	"pe"	2
"za"	"sv"	2
"it"	"bo"	2
"is"	"in"	2
"sc"	"nl"	2
"sc"	"ph"	2
"dz"	"ch"	1
"si"	"ng"	1
"dz"	"by"	1
"dz"	"bd"	1
"si"	"np"	1
"dz"	"au"	1
"si"	"pa"	1
"dz"	"at"	1
"do"	"ch"	1
"si"	"qa"	1
"do"	"be"	1
"dk"	"cy"	1
"dk"	"bo"	1
"de"	"bs"	1
"de"	"ao"	1
"de"	"ad"	1
"sk"	"az"	1
"nr"	"fr"	1
"cz"	"cy"	1
"cz"	"cr"	1
"cz"	"bs"	1
"cz"	"bo"	1
"cz"	"az"	1
"cz"	"aq"	1
"cy"	"cr"	1
"cy"	"co"	1
"cy"	"cn"	1
"cy"	"ba"	1
"cy"	"au"	1
"cy"	"ar"	1
"cr"	"cn"	1
"cr"	"ch"	1
"cr"	"bo"	1
"cr"	"bg"	1
"cr"	"ba"	1
"co"	"bs"	1
"sk"	"kr"	1
"sk"	"lt"	1
"co"	"ao"	1
"co"	"am"	1
"sk"	"my"	1
"sk"	"ng"	1
"sk"	"ni"	1
"cn"	"ci"	1
"cn"	"bo"	1
"cn"	"ao"	1
"sk"	"pa"	1
"cl"	"bd"	1
"sk"	"ps"	1
"ch"	"ad"	1
"np"	"mm"	1
"ca"	"ao"	1
"by"	"bs"	1
"by"	"bo"	1
"sn"	"ar"	1
"sn"	"ca"	1
"np"	"kz"	1
"sn"	"cn"	1
"by"	"bj"	1
"sn"	"ke"	1
"sn"	"mr"	1
"sn"	"ph"	1
"so"	"br"	1
"so"	"gb"	1
"so"	"hu"	1
"br"	"bm"	1
"br"	"bh"	1
"br"	"az"	1
"br"	"ao"	1
"bo"	"be"	1
"bo"	"bd"	1
"bo"	"at"	1
"bj"	"be"	1
"bg"	"am"	1
"bg"	"al"	1
"sv"	"co"	1
"be"	"ao"	1
"ph"	"am"	1
"sv"	"dk"	1
"bd"	"az"	1
"bd"	"am"	1
"sv"	"ie"	1
"sv"	"mx"	1
"ph"	"ao"	1
"sv"	"no"	1
"sv"	"pe"	1
"az"	"ar"	1
"sv"	"si"	1
"sy"	"ar"	1
"np"	"is"	1
"au"	"ao"	1
"sz"	"au"	1
"sz"	"be"	1
"at"	"ao"	1
"sz"	"fi"	1
"tg"	"ci"	1
"tg"	"fr"	1
"ar"	"ao"	1
"np"	"eg"	1
"th"	"az"	1
"np"	"cz"	1
"th"	"bd"	1
"np"	"cy"	1
"ph"	"bo"	1
"th"	"bo"	1
"np"	"by"	1
"np"	"bg"	1
"np"	"ba"	1
"no"	"ni"	1
"th"	"cr"	1
"no"	"mm"	1
"ph"	"cy"	1
"no"	"me"	1
"no"	"lr"	1
"th"	"ee"	1
"ph"	"do"	1
"ph"	"dz"	1
"no"	"kz"	1
"no"	"kg"	1
"ph"	"et"	1
"th"	"hr"	1
"no"	"gt"	1
"no"	"dz"	1
"th"	"il"	1
"ph"	"gh"	1
"th"	"is"	1
"no"	"do"	1
"no"	"cy"	1
"ph"	"gt"	1
"no"	"cr"	1
"th"	"kz"	1
"th"	"lt"	1
"th"	"lu"	1
"th"	"ma"	1
"th"	"mm"	1
"no"	"bo"	1
"no"	"aq"	1
"th"	"ng"	1
"th"	"ni"	1
"nl"	"mm"	1
"nl"	"me"	1
"nl"	"lr"	1
"th"	"ps"	1
"pa"	"mk"	1
"nl"	"ge"	1
"ph"	"kz"	1
"ph"	"lk"	1
"nl"	"dz"	1
"pa"	"lu"	1
"tj"	"am"	1
"tj"	"ar"	1
"tj"	"at"	1
"tj"	"au"	1
"tj"	"bd"	1
"tj"	"be"	1
"tj"	"br"	1
"tj"	"by"	1
"tj"	"ca"	1
"tj"	"ch"	1
"tj"	"cl"	1
"ph"	"mk"	1
"tj"	"co"	1
"tj"	"cz"	1
"ph"	"mm"	1
"tj"	"dk"	1
"tj"	"dz"	1
"tj"	"ee"	1
"tj"	"es"	1
"tj"	"fi"	1
"tj"	"fr"	1
"tj"	"gb"	1
"tj"	"hu"	1
"tj"	"id"	1
"tj"	"ie"	1
"tj"	"il"	1
"tj"	"in"	1
"tj"	"ir"	1
"tj"	"it"	1
"tj"	"jp"	1
"tj"	"kr"	1
"tj"	"lk"	1
"tj"	"lt"	1
"tj"	"mx"	1
"tj"	"nl"	1
"tj"	"no"	1
"tj"	"nz"	1
"tj"	"pe"	1
"tj"	"ph"	1
"tj"	"pl"	1
"tj"	"py"	1
"tj"	"sa"	1
"tj"	"se"	1
"tj"	"sg"	1
"tl"	"de"	1
"tl"	"lk"	1
"tm"	"ec"	1
"ph"	"ng"	1
"nl"	"bh"	1
"nl"	"bf"	1
"pa"	"ni"	1
"tm"	"se"	1
"tn"	"at"	1
"nl"	"aq"	1
"ph"	"pa"	1
"nl"	"ao"	1
"tn"	"cn"	1
"ni"	"ng"	1
"tn"	"cr"	1
"tn"	"fi"	1
"ni"	"lt"	1
"tn"	"il"	1
"pa"	"ke"	1
"ni"	"kr"	1
"tn"	"lk"	1
"tn"	"no"	1
"pk"	"cr"	1
"tn"	"se"	1
"to"	"au"	1
"to"	"ca"	1
"to"	"it"	1
"to"	"ro"	1
"pk"	"cz"	1
"tr"	"am"	1
"pk"	"dk"	1
"pk"	"eg"	1
"ni"	"in"	1
"ni"	"gr"	1
"tr"	"bf"	1
"tr"	"bo"	1
"ni"	"dk"	1
"pk"	"lt"	1
"pe"	"by"	1
"ni"	"cn"	1
"tr"	"cy"	1
"pk"	"np"	1
"pk"	"nz"	1
"tr"	"dz"	1
"ni"	"ca"	1
"ni"	"by"	1
"ni"	"az"	1
"tr"	"et"	1
"ni"	"au"	1
"ng"	"mx"	1
"ng"	"lt"	1
"ng"	"jm"	1
"ng"	"id"	1
"ng"	"ge"	1
"pl"	"bo"	1
"ng"	"et"	1
"ng"	"es"	1
"tr"	"kg"	1
"ng"	"ee"	1
"tr"	"kz"	1
"tr"	"lk"	1
"ng"	"ec"	1
"tr"	"md"	1
"tr"	"mk"	1
"tr"	"mm"	1
"ng"	"cz"	1
"tr"	"ng"	1
"ng"	"ch"	1
"ng"	"be"	1
"ng"	"bd"	1
"ng"	"at"	1
"tr"	"ps"	1
"ng"	"ar"	1
"tr"	"py"	1
"tr"	"qa"	1
"pl"	"dz"	1
"ne"	"eg"	1
"ne"	"be"	1
"tr"	"sa"	1
"na"	"gb"	1
"na"	"de"	1
"mz"	"ke"	1
"mz"	"es"	1
"mz"	"eg"	1
"tr"	"tj"	1
"my"	"mg"	1
"my"	"lv"	1
"my"	"lu"	1
"my"	"lt"	1
"my"	"kz"	1
"tt"	"hn"	1
"tt"	"is"	1
"tt"	"nl"	1
"my"	"ke"	1
"tw"	"ae"	1
"my"	"jo"	1
"pa"	"cr"	1
"my"	"is"	1
"tw"	"az"	1
"my"	"et"	1
"my"	"cy"	1
"my"	"bo"	1
"tw"	"bo"	1
"my"	"az"	1
"mx"	"mm"	1
"mx"	"me"	1
"om"	"in"	1
"pl"	"mk"	1
"tw"	"dz"	1
"pl"	"mm"	1
"mx"	"kz"	1
"pl"	"mz"	1
"tw"	"et"	1
"mx"	"ir"	1
"mx"	"hn"	1
"mx"	"et"	1
"tw"	"hr"	1
"mx"	"ba"	1
"om"	"gb"	1
"tw"	"ir"	1
"ps"	"ar"	1
"ps"	"at"	1
"mx"	"ao"	1
"ps"	"ba"	1
"ps"	"be"	1
"ps"	"bg"	1
"ps"	"br"	1
"mw"	"gh"	1
"se"	"ao"	1
"ps"	"ch"	1
"tw"	"md"	1
"is"	"bo"	1
"ps"	"co"	1
"ir"	"il"	1
"ps"	"cr"	1
"ps"	"cy"	1
"tw"	"np"	1
"om"	"fr"	1
"ps"	"dk"	1
"ir"	"id"	1
"ps"	"es"	1
"ps"	"fi"	1
"ps"	"fr"	1
"mw"	"gb"	1
"tw"	"py"	1
"tw"	"qa"	1
"ps"	"gr"	1
"ps"	"id"	1
"om"	"fi"	1
"tw"	"sa"	1
"ps"	"in"	1
"ir"	"hu"	1
"ps"	"kr"	1
"ps"	"kz"	1
"tw"	"so"	1
"ps"	"lb"	1
"tw"	"tj"	1
"tw"	"tn"	1
"ps"	"mm"	1
"ps"	"mx"	1
"ps"	"my"	1
"tz"	"eg"	1
"ir"	"gr"	1
"se"	"bf"	1
"tz"	"pl"	1
"tz"	"tr"	1
"ps"	"no"	1
"ps"	"np"	1
"ua"	"ao"	1
"ps"	"nz"	1
"ps"	"ph"	1
"ps"	"pl"	1
"ir"	"es"	1
"mv"	"lk"	1
"se"	"bo"	1
"mv"	"fr"	1
"pt"	"az"	1
"ua"	"bj"	1
"ir"	"ee"	1
"ir"	"dz"	1
"pt"	"bd"	1
"mu"	"in"	1
"ir"	"dk"	1
"mu"	"fr"	1
"pt"	"bo"	1
"mu"	"ch"	1
"mt"	"de"	1
"ms"	"in"	1
"mn"	"ca"	1
"mm"	"kz"	1
"mm"	"kr"	1
"mm"	"jp"	1
"ir"	"cz"	1
"ir"	"co"	1
"pt"	"cu"	1
"pt"	"cy"	1
"mm"	"it"	1
"ua"	"et"	1
"mm"	"ir"	1
"mm"	"in"	1
"mm"	"id"	1
"ua"	"ge"	1
"om"	"do"	1
"mm"	"gr"	1
"ua"	"gt"	1
"mm"	"gb"	1
"mm"	"fi"	1
"mm"	"es"	1
"mm"	"eg"	1
"mm"	"dk"	1
"mm"	"de"	1
"mm"	"cy"	1
"ir"	"by"	1
"mm"	"cr"	1
"mm"	"co"	1
"mm"	"cn"	1
"mm"	"ch"	1
"mm"	"ca"	1
"mm"	"br"	1
"mm"	"bg"	1
"pt"	"ir"	1
"mm"	"be"	1
"mm"	"ba"	1
"ir"	"be"	1
"pt"	"je"	1
"ua"	"ma"	1
"ir"	"bd"	1
"ua"	"me"	1
"mm"	"at"	1
"om"	"be"	1
"pt"	"kh"	1
"nz"	"mm"	1
"ua"	"ni"	1
"pt"	"kz"	1
"mm"	"ar"	1
"ua"	"np"	1
"ml"	"ke"	1
"ml"	"et"	1
"pe"	"do"	1
"pt"	"mm"	1
"se"	"cy"	1
"ir"	"ar"	1
"ua"	"ps"	1
"ir"	"am"	1
"ua"	"py"	1
"ir"	"af"	1
"ir"	"ae"	1
"mh"	"de"	1
"pt"	"np"	1
"mg"	"it"	1
"ua"	"sa"	1
"pt"	"pa"	1
"mg"	"gb"	1
"mg"	"fr"	1
"mg"	"es"	1
"ua"	"so"	1
"mg"	"at"	1
"pt"	"ps"	1
"ua"	"tj"	1
"py"	"am"	1
"me"	"it"	1
"py"	"at"	1
"me"	"gr"	1
"ug"	"al"	1
"py"	"bd"	1
"py"	"be"	1
"py"	"bf"	1
"ug"	"cd"	1
"py"	"br"	1
"py"	"by"	1
"ug"	"co"	1
"iq"	"gb"	1
"iq"	"fj"	1
"ug"	"et"	1
"me"	"es"	1
"ug"	"gr"	1
"mn"	"gb"	1
"iq"	"cn"	1
"iq"	"be"	1
"ug"	"jp"	1
"py"	"ch"	1
"ug"	"kh"	1
"in"	"hn"	1
"ug"	"ml"	1
"ug"	"ng"	1
"ug"	"nl"	1
"ug"	"pe"	1
"ug"	"ru"	1
"me"	"de"	1
"in"	"gl"	1
"us"	"ad"	1
"py"	"cn"	1
"py"	"co"	1
"py"	"cz"	1
"py"	"de"	1
"py"	"dk"	1
"py"	"dz"	1
"py"	"ee"	1
"py"	"es"	1
"py"	"fi"	1
"py"	"fr"	1
"in"	"cd"	1
"py"	"hu"	1
"py"	"id"	1
"py"	"ie"	1
"py"	"il"	1
"me"	"cy"	1
"py"	"ir"	1
"py"	"it"	1
"py"	"jp"	1
"py"	"kr"	1
"us"	"bt"	1
"py"	"lk"	1
"py"	"lt"	1
"py"	"mx"	1
"se"	"gt"	1
"py"	"nl"	1
"py"	"no"	1
"py"	"nz"	1
"me"	"cn"	1
"py"	"ph"	1
"py"	"pl"	1
"qa"	"ae"	1
"qa"	"ar"	1
"us"	"cv"	1
"pe"	"dz"	1
"qa"	"au"	1
"qa"	"az"	1
"us"	"dj"	1
"qa"	"bd"	1
"me"	"ca"	1
"qa"	"by"	1
"in"	"bt"	1
"qa"	"ch"	1
"nz"	"cr"	1
"in"	"bs"	1
"in"	"ao"	1
"qa"	"dk"	1
"us"	"fj"	1
"qa"	"ee"	1
"qa"	"eg"	1
"qa"	"es"	1
"qa"	"et"	1
"qa"	"fi"	1
"im"	"gb"	1
"me"	"be"	1
"il"	"dz"	1
"qa"	"gr"	1
"qa"	"id"	1
"qa"	"ie"	1
"me"	"au"	1
"il"	"do"	1
"qa"	"jp"	1
"qa"	"kr"	1
"qa"	"my"	1
"qa"	"ng"	1
"nz"	"mk"	1
"qa"	"no"	1
"qa"	"ph"	1
"il"	"bo"	1
"qa"	"pt"	1
"me"	"at"	1
"ro"	"ao"	1
"me"	"ar"	1
"il"	"bd"	1
"md"	"lk"	1
"ie"	"cr"	1
"ro"	"az"	1
"se"	"la"	1
"ro"	"ba"	1
"ro"	"bd"	1
"md"	"gr"	1
"md"	"eg"	1
"ro"	"bj"	1
"id"	"dz"	1
"us"	"lc"	1
"id"	"cy"	1
"id"	"cl"	1
"nz"	"bo"	1
"nz"	"bd"	1
"md"	"br"	1
"md"	"be"	1
"se"	"me"	1
"nz"	"ma"	1
"us"	"mc"	1
"ma"	"kw"	1
"ro"	"cy"	1
"se"	"mk"	1
"se"	"mm"	1
"us"	"ml"	1
"ma"	"gb"	1
"ro"	"do"	1
"us"	"ms"	1
"ma"	"fi"	1
"id"	"bh"	1
"id"	"az"	1
"ma"	"ec"	1
"ma"	"cz"	1
"id"	"am"	1
"us"	"mz"	1
"us"	"na"	1
"ma"	"cn"	1
"hu"	"gt"	1
"se"	"ni"	1
"ma"	"at"	1
"ma"	"ar"	1
"ro"	"gt"	1
"hu"	"dz"	1
"lv"	"lt"	1
"lv"	"kr"	1
"hu"	"cr"	1
"hu"	"ao"	1
"lv"	"hr"	1
"hr"	"gt"	1
"ro"	"is"	1
"lv"	"dk"	1
"lv"	"bf"	1
"lv"	"bd"	1
"hr"	"et"	1
"ro"	"kg"	1
"lv"	"am"	1
"se"	"pk"	1
"hr"	"ec"	1
"hr"	"cr"	1
"us"	"sd"	1
"ro"	"kz"	1
"se"	"py"	1
"se"	"qa"	1
"lu"	"gt"	1
"hr"	"bo"	1
"ro"	"lv"	1
"ro"	"ma"	1
"hr"	"bd"	1
"ro"	"me"	1
"ro"	"mm"	1
"se"	"sa"	1
"us"	"sz"	1
"us"	"tg"	1
"hr"	"ba"	1
"hr"	"az"	1
"us"	"tl"	1
"lu"	"cy"	1
"ro"	"ni"	1
"us"	"to"	1
"sg"	"am"	1
"hr"	"ao"	1
"lu"	"am"	1
"lt"	"lk"	1
"hr"	"am"	1
"ro"	"pe"	1
"pe"	"ao"	1
"lt"	"ir"	1
"hn"	"es"	1
"lt"	"hr"	1
"ro"	"ps"	1
"lt"	"gt"	1
"uy"	"bd"	1
"rs"	"ae"	1
"hn"	"de"	1
"lt"	"ee"	1
"hn"	"ca"	1
"lt"	"dz"	1
"rs"	"az"	1
"sg"	"bo"	1
"lt"	"cl"	1
"hn"	"au"	1
"sg"	"bs"	1
"lt"	"ba"	1
"lt"	"az"	1
"uy"	"do"	1
"uy"	"dz"	1
"uy"	"ec"	1
"uy"	"ee"	1
"gy"	"ca"	1
"lt"	"aq"	1
"lt"	"am"	1
"lr"	"jp"	1
"gt"	"ee"	1
"lr"	"au"	1
"gt"	"de"	1
"uy"	"hu"	1
"rs"	"cr"	1
"gt"	"cz"	1
"rs"	"cy"	1
"lk"	"kr"	1
"uy"	"ir"	1
"lk"	"ir"	1
"lk"	"gr"	1
"lk"	"ee"	1
"uy"	"kr"	1
"uy"	"lk"	1
"lk"	"dz"	1
"lk"	"cu"	1
"uy"	"mk"	1
"lk"	"by"	1
"rs"	"et"	1
"lk"	"bd"	1
"lk"	"am"	1
"li"	"de"	1
"li"	"ch"	1
"lb"	"it"	1
"gt"	"cl"	1
"sg"	"cr"	1
"uy"	"pt"	1
"gt"	"bt"	1
"lb"	"hu"	1
"uy"	"sa"	1
"gt"	"be"	1
"lb"	"cz"	1
"uy"	"sk"	1
"gt"	"au"	1
"uy"	"tj"	1
"lb"	"co"	1
"sg"	"dz"	1
"rs"	"iq"	1
"rs"	"is"	1
"lb"	"ba"	1
"uz"	"ch"	1
"uz"	"ro"	1
"gt"	"at"	1
"la"	"ke"	1
"va"	"at"	1
"va"	"au"	1
"va"	"ca"	1
"va"	"de"	1
"va"	"fr"	1
"va"	"gb"	1
"va"	"hu"	1
"va"	"ie"	1
"gt"	"ar"	1
"va"	"it"	1
"va"	"ni"	1
"va"	"nl"	1
"va"	"pl"	1
"la"	"es"	1
"ve"	"ae"	1
"la"	"eg"	1
"ve"	"ao"	1
"pe"	"fo"	1
"rs"	"kz"	1
"sg"	"et"	1
"ve"	"bd"	1
"nz"	"lr"	1
"ve"	"bg"	1
"ve"	"bo"	1
"rs"	"mk"	1
"gt"	"ao"	1
"rs"	"mm"	1
"gr"	"et"	1
"la"	"au"	1
"kz"	"kr"	1
"rs"	"ng"	1
"gr"	"ee"	1
"kz"	"id"	1
"kz"	"gr"	1
"nz"	"kz"	1
"kz"	"gb"	1
"ve"	"dz"	1
"rs"	"pa"	1
"ve"	"ee"	1
"sg"	"gh"	1
"ve"	"eh"	1
"kz"	"fi"	1
"gr"	"dz"	1
"rs"	"ps"	1
"kz"	"eg"	1
"rs"	"qa"	1
"ve"	"gt"	1
"ve"	"hr"	1
"kz"	"dk"	1
"sg"	"gt"	1
"gr"	"do"	1
"gr"	"cy"	1
"kz"	"cy"	1
"ve"	"ir"	1
"ru"	"ao"	1
"kz"	"cr"	1
"kz"	"co"	1
"ve"	"ke"	1
"kz"	"ch"	1
"gh"	"ca"	1
"ve"	"lk"	1
"ve"	"lt"	1
"kz"	"ca"	1
"kz"	"bg"	1
"kz"	"ba"	1
"kz"	"at"	1
"kz"	"ar"	1
"ru"	"bo"	1
"kw"	"fi"	1
"kw"	"de"	1
"sg"	"iq"	1
"sg"	"ir"	1
"sg"	"is"	1
"ge"	"de"	1
"ge"	"cm"	1
"pe"	"lc"	1
"sg"	"kh"	1
"gb"	"fj"	1
"sg"	"lb"	1
"kr"	"ir"	1
"gb"	"cd"	1
"nz"	"al"	1
"ve"	"sv"	1
"ru"	"dz"	1
"ve"	"tj"	1
"ve"	"tr"	1
"pe"	"lr"	1
"sg"	"mk"	1
"kr"	"et"	1
"kr"	"dz"	1
"kr"	"cy"	1
"kr"	"cu"	1
"kr"	"cr"	1
"kr"	"bo"	1
"ru"	"ge"	1
"fr"	"cv"	1
"kr"	"ba"	1
"sg"	"ni"	1
"ru"	"gt"	1
"fr"	"bm"	1
"kr"	"ao"	1
"kr"	"am"	1
"kp"	"jp"	1
"kp"	"fr"	1
"kp"	"cz"	1
"vn"	"cr"	1
"kp"	"ch"	1
"pe"	"am"	1
"kp"	"ca"	1
"kp"	"bg"	1
"kh"	"do"	1
"vn"	"ee"	1
"fr"	"bh"	1
"ru"	"kg"	1
"nz"	"ir"	1
"fr"	"ao"	1
"kh"	"be"	1
"vn"	"hn"	1
"vn"	"hr"	1
"ru"	"lb"	1
"kh"	"al"	1
"ru"	"lr"	1
"fr"	"ad"	1
"fj"	"be"	1
"vn"	"ir"	1
"fi"	"et"	1
"fi"	"dz"	1
"nz"	"hn"	1
"kg"	"fr"	1
"vn"	"kg"	1
"vn"	"kr"	1
"kg"	"de"	1
"vn"	"ma"	1
"fi"	"do"	1
"vn"	"mt"	1
"kg"	"br"	1
"fi"	"cr"	1
"ke"	"hu"	1
"sg"	"py"	1
"fi"	"bs"	1
"ru"	"ni"	1
"vn"	"pe"	1
"fi"	"bo"	1
"ke"	"gt"	1
"nz"	"gh"	1
"ke"	"et"	1
"fi"	"bf"	1
"ke"	"bf"	1
"ke"	"ao"	1
"ke"	"ae"	1
"sg"	"sa"	1
"ru"	"ps"	1
"et"	"es"	1
"et"	"eg"	1
"et"	"ee"	1
"ru"	"qa"	1
"et"	"cz"	1
"jp"	"dz"	1
"jp"	"cy"	1
"jp"	"bj"	1
"si"	"az"	1
"pe"	"lt"	1
"si"	"bd"	1
"vu"	"jp"	1
"vu"	"kr"	1
"vu"	"nz"	1
"jp"	"ao"	1
"et"	"ch"	1
"si"	"bo"	1
"et"	"be"	1
"et"	"az"	1
"et"	"ar"	1
"si"	"cr"	1
"za"	"bd"	1
"rw"	"mw"	1
"za"	"bg"	1
"nz"	"dz"	1
"es"	"bj"	1
"es"	"bf"	1
"sa"	"am"	1
"za"	"cd"	1
"es"	"az"	1
"sa"	"at"	1
"eg"	"cy"	1
"sa"	"bd"	1
"eg"	"cu"	1
"nr"	"gb"	1
"eg"	"cr"	1
"za"	"cy"	1
"si"	"et"	1
"eg"	"by"	1
"sa"	"ch"	1
"za"	"do"	1
"nz"	"do"	1
"ee"	"dz"	1
"sa"	"cn"	1
"sa"	"co"	1
"za"	"et"	1
"sa"	"cz"	1
"ee"	"bo"	1
"sa"	"dk"	1
"sa"	"dz"	1
"ee"	"am"	1
"sa"	"ee"	1
"sa"	"es"	1
"sa"	"fi"	1
"sa"	"fr"	1
"si"	"is"	1
"sa"	"hu"	1
"sa"	"id"	1
"sa"	"ie"	1
"sa"	"il"	1
"za"	"kh"	1
"za"	"kr"	1
"za"	"ky"	1
"za"	"kz"	1
"za"	"lb"	1
"sa"	"in"	1
"sa"	"ir"	1
"ee"	"ae"	1
"dz"	"dk"	1
"sa"	"jp"	1
"za"	"mm"	1
"za"	"mw"	1
"sa"	"kr"	1
"sa"	"lk"	1
"sa"	"lt"	1
"sa"	"mx"	1
"jo"	"ae"	1
"sa"	"no"	1
"za"	"np"	1
"sa"	"np"	1
"si"	"lk"	1
"sa"	"nz"	1
"sa"	"pe"	1
"sa"	"ph"	1
"sa"	"pl"	1
"sa"	"py"	1
"pe"	"ir"	1
"jm"	"cu"	1
"sc"	"be"	1
"jm"	"co"	1
"jm"	"bo"	1
"jm"	"bd"	1
"it"	"gt"	1
"si"	"lr"	1
"it"	"dz"	1
"za"	"tr"	1
"it"	"cy"	1
"sc"	"gb"	1
"si"	"lt"	1
"sc"	"ie"	1
"it"	"ao"	1
"pe"	"md"	1
"is"	"ie"	1
"dz"	"co"	1
"zm"	"rw"	1
"is"	"eg"	1
"dz"	"cl"	1
"is"	"ee"	1
"is"	"cl"	1
"zw"	"gb"	1
"zw"	"id"	1
"zw"	"ke"	1
"zw"	"ru"	1
"sd"	"eg"	1
"se"	"ad"	1
"se"	"ae"	1
